name,seq
H-2-Kd,---MAPCTLLLLLAAALAPTQTRAGPHSLRYFVTAVSRPGLGEPRFIAVGYVDDTQFVRFDSDADNPRFEPRAPWMEQEGPEYWEEQTQRAKSDEQWFRVSLRTAQRYYNQSKGGSHTFQRMFGCDVGSDWRLLRGYQQFAYDGRDYIALNEDLKTWTAADTAALITRRKWEQAGDAE-YYRAYLEGECVEWLRRYLELGNETLLRTDSPKAHVTYHPRSQVDVTLRCWALGFYPADITLTWQLNGEDLTQDMELVETRPAGDGTFQKWAAVVVPLGKEQNYTCHVHHKGLPEPLTLRWK---LPPSTVSN-TVIIAVLVVLGAAIVTGAVVAFVMKMR-RNTGGKGVNYALAPGSQ---TSDLSLPDGKVMVHDPHSLA
H-2-Kb,---MVPCTLLLLLAAALAPTQTRAGPHSLRYFVTAVSRPGLGEPRYMEVGYVDDTEFVRFDSDAENPRYEPRARWMEQEGPEYWERETQKAKGNEQSFRVDLRTLLGYYNQSKGGSHTIQVISGCEVGSDGRLLRGYQQYAYDGCDYIALNEDLKTWTAADMAALITKHKWEQAGEAE-RLRAYLEGTCVEWLRRYLKNGNATLLRTDSPKAHVTHHSRPEDKVTLRCWALGFYPADITLTWQLNGEELIQDMELVETRPAGDGTFQKWASVVVPLGKEQYYTCHVYHQGLPEPLTLRWE---PPPSTVSN-MATVAVLVVLGAAIVTGAVVAFVMKMRRRNTGGKGGDYALAPGSQ---TSDLSLPDCKVMVHDPHSLA
H-2-Kk,---MAPCMLLLLLAAALAPTQTRAGPHSLRYFHTAVSRPGLGKPRFISVGYVDDTQFVRFDSDAENPRYEPRVRWMEQVEPEYWERNTQIAKGNEQIFRVNLRTALRYYNQSAGGSHTFQRMYGCEVGSDWRLLRGYEQYAYDGCDYIALNEDLKTWTAADMAALITKHKWEQAGDAE-RDRAYLEGTCVEWLRRYLQLGNATLPRTDSPKAHVTRHSRPEDKVTLRCWALGFYPADITLTWQLNGEELTQDMELVETRPAGDGTFQKWASVVVPLGKEQYYTCHVYHQGLPEPLTLRWE---PPPSTVSN-TVIIAVLVVLGAAIVTGAVVAFVMKMRRRNTGGKGGDYALAPGSQ---TSDLSLPDCKVMVHDPHSLA
H-2-Dd,MGAMAPRTLLLLLAAALGPTQTRAGSHSLRYFVTAVSRPGFGEPRYMEVGYVDNTEFVRFDSDAENPRYEPRARWIEQEGPEYWERETRRAKGNEQSFRVDLRTALRYYNQSAGGSHTLQWMAGCDVESDGRLLRGYWQFAYDGCDYIALNEDLKTWTAADMAAQITRRKWEQAGAAE-RDRAYLEGECVEWLRRYLKNGNATLLRTDPPKAHVTHHRRPEGDVTLRCWALGFYPADITLTWQLNGEELTQEMELVETRPAGDGTFQKWASVVVPLGKEQKYTCHVEHEGLPEPLTLRWGKEEPPSSTKTN-TVIIAVPVVLGAVVILGAVMAFVMKRR-RNTGGKGGDYALAPGSQ---SSDMSLPDCKV---------
H-2-Dk,MGAMVPRTLLLLLAAALAPAQTRAGPHSLRYFETVVSRPGLGEPRFISVGYVDNTEFVRFDSDAENPRDEPRVRWMEQEGPEYWERETQIAKGNEQSFRVDLRTLLRYYNQSEGGSHTIQRLSGCDVGSDWRLLRGYEQFAYDGCDYIALNEDLKTWTAADMAALITKHKWEQAGAAE-RDRAYLEGTCVEWLRRYLELGNATLLHTDSPKAHVTHHPRSKVEVTLRCWALGFYPADITLTWQLNGEELTQDMELVETRPAGDGTFQKWASVVVPLGKEQNYTCHVYHEGLPEPLTLRWE---PPPSTDSY-MVIVAVLGVLGAVAIIGAVVAFVMMMR-RNTGGKGGDYTLTPGSQ---SSEMSLPDCKA---------
H-2-Db,MGAMAPRTLLLLLAAALAPTQTRAGPHSMRYFETAVSRPGLEEPRYISVGYVDNKEFVRFDSDAENPRYEPRAPWMEQEGPEYWERETQKAKGQEQWFRVSLRNLLGYYNQSAGGSHTLQQMSGCDLGSDWRLLRGYLQFAYEGRDYIALNEDLKTWTAADMAAQITRRKWEQSGAAE-HYKAYLEGECVEWLHRYLKNGNATLLRTDSPKAHVTHHPRSKGEVTLRCWALGFYPADITLTWQLNGEELTQDMELVETRPAGDGTFQKWASVVVPLGKEQNYTCRVYHEGLPEPLTLRWE---PPPSTDSY-MVIVAVLGVLGAMAIIGAVVAFVMKRR-RNTGGKGGDYALAPGSQ---SSEMSLRDCKA---------
H-2-Ld,MGAMAPRTLLLLLAAALAPTQTRAGPHSMRYFETAVSRPGLGEPRYISVGYVDNKEFVRFDSDAENPRYEPQAPWMEQEGPEYWERITQIAKGQEQWFRVNLRTLLGYYNQSAGGTHTLQWMYGCDVGSDGRLLRGYEQFAYDGCDYIALNEDLKTWTAADMAAQITRRKWEQAGAAE-YYRAYLEGECVEWLHRYLKNGNATLLRTDSPKAHVTHHPRSKGEVTLRCWALGFYPADITLTWQLNGEELTQDMELVETRPAGDGTFQKWASVVVPLGKEQNYTCRVYHEGLPEPLTLRWE---PPPSTDSY-MVIVAVLGVLGAMAIIGAVVAFVMKRR-RNTGGKGGDYALAPGSQ---SSEMSLRDCKA---------
H-2-Lq,MGAMAPRTLLLLLAAALAPTQTRAGPHSMRYFETAVSRPGLGEPRYISVGYVDNKEFVRFDSDAENPRYEPQAPWMEQEGPEYWERITQIAKGQEQWFRVNLRTLLGYYNQSAGGTHTIQRMYGCDVGSHWRLLRGYEQYAYDGCDYIALNEDLKTWTAADMAAQITRRKWEQAGAAE-HYKAYLEGECVEWLHRYLKNGNATLLRT-----------------------------------------------------------------------------------------------------------------------------------------------------------------------------
HLA-E*01:03,---MVDGTLLLLLSEALALTQTWAGSHSLKYFHTSVSRPGRGEPRFISVGYVDDTQFVRFDNDAASPRMVPRAPWMEQEGSEYWDRETRSARDTAQIFRVNLRTLRGYYNQSEAGSHTLQWMHGCELGPDGRFLRGYEQFAYDGKDYLTLNEDLRSWTAVDTAAQISEQKSNDASEAE-HQRAYLEDTCVEWLHKYLEKGKETLLHLEPPKTHVTHHPISDHEATLRCWALGFYPAEITLTWQQDGEGHTQDTELVETRPAGDGTFQKWAAVVVPSGEEQRYTCHVQHEGLPEPVTLRWK---PASQPTIPIVGIIAGLVL--LGSVVSGAVVAAVIWRKKSSGGKGGSYSKAEWSDSAQGSESHSL-------------
HLA-E*01:01,---MVDGTLLLLLSEALALTQTWAGSHSLKYFHTSVSRPGRGEPRFISVGYVDDTQFVRFDNDAASPRMVPRAPWMEQEGSEYWDRETRSARDTAQIFRVNLRTLRGYYNQSEAGSHTLQWMHGCELGPDRRFLRGYEQFAYDGKDYLTLNEDLRSWTAVDTAAQISEQKSNDASEAE-HQRAYLEDTCVEWLHKYLEKGKETLLHLEPPKTHVTHHPISDHEATLRCWALGFYPAEITLTWQQDGEGHTQDTELVETRPAGDGTFQKWAAVVVPSGEEQRYTCHVQHEGLPEPVTLRWK---PASQPTIPIVGIIAGLVL--LGSVVSGAVVAAVIWRKKSSGGKGGSYSKAEWSDSAQGSESHSL-------------
Eqca-16*01:01,MRVMMPPTFLLLLSGSLTLTETWAGSHSMRYFYTGVSRPGRGEPRFITVGYVDDTQFVRFDSDAASPRMEPRAPWMEQEGPEYWERETRSVKGHAQTFRVNLNTLRGYYNQSEAGSHTLQLMYGCDVRPHGRRLSASFQYAYDGADYIALNEDLRSWTAADTAAQITRRKWEAAGAAE-DFRNYLEGRCVESLRRYLENGKETLQRADPPETHVTHHPISDREVTLRCWALGFYPAEIAITWQRDGEDVTQDTELVETRPAGDGTFQKWVAVVVPSGEEQRYMCHVQHEGLPEPVTRRWE---PPPQSTILIVGVLAGLLL--L----VAVVAGAVIWRKKHSGEKRGIYVQAANSDSAQGSDASLTQKV----------
Eqca-1*01:01,---MMPPTFLLLLSGALTLTETWAGSHSMRYYKTAVSRPGRGEPRFISVGYVDDTQFVRFDSDAASPRMEPRARWVEQEGPQYWEEETRTAKGHAQTFRGNLRIALGYYNQSEAGSHTFQWMSGCDVGPDGRLLRGYSQFAYDGADYIALNEDLRSWTAADTAAQITRRKWEAAGEAE-QHRNYLEGRCVEWLLRYLENGKETLQRVDPPKTHVTHHPSSDHEVTLRCWALGFYPAEITLTWQRDGEDLTQDTEFVATRPAGDGTFQKWAAVVVPSGEEQRYTCHVQHEGLPEPVTRRWE---LPPQSTILIVSIIAGLVL--L----GAVVAGAVIWRKKRSGEKRGIYVQAANSDSAQGSDASLPQKV----------
Eqca-1*02:01,---------------------------------------------------------VRFDSDAENPKEEPRAPWMEQEGPEYWEENTRRAKGHAQTSRVNLNTLRGYYNQSESGSHTYQEMYGCDVGSDRRLLRGYIQFAYDGADYIALNEDLRSWTAADAAAQITRRKLEAAGVAE-QRRNYLEGECVEWLLRHLENGKETLQRADPPKTHVTHHPISDREVTLRCWALGFYPAEITLTWQRDGEDLTQDTEFVATRPAGDGTFQKWAAVVVPSGEEQRYTCHVQHEGLPEPVTRRWE---PPPQSIILIVGVLAGLVL--L----GAVVAGAVIWRKKRSGEKRGIYVQAANSDSAQGSDASLPQKV----------
SLA-1*07:02,---MGPGALFLLLSGTLALTGTQAGPHSLSYFYTAVSRPDRGDSRFIAVGYVDDTQFVRFDSDAPNPREEPRAPWIQQEGQEYWDRNTQIYKETAQTYRVNLNTLRGYYNQSEAGSHTIQIMYGCDVGPDGLLLRGYRQDAYDGADYIALNEDLRSWTAADMAAQITKRKWEAADVAE-QLRSYLQGRCVEGLRRYLEMGKDTLQRAEPPKTHVTRHPSSDLGVTLRCWALGFYPKEISLTWQREGQDQSQDMELVETRPSGDGTFQKWAALVVPPGEEQSYTCHVQHEGLQEPLTLRWD---PP-QPPVPIVGIIVGLVL--VLV-AGAVVAGVVIWRKTRSGEKGGSYTQAAGSDSDQGSDVSLTKGPRV--------
SLA-1*04:01,---MGPGALFLLLSGTLALTGTQAGPHSLSYFYTAVSRPDRGDSRFIAVGYVDDTQFVRFDNYAPNPRMEPRVPWIQQEGQEYWDRETRNVKETAQTYGVGLNTLRGYYNQSEAGSHTLQSMYGCYLGPDGLLLHGYRQDAYDGADYIALNEDLRSWTAADMAAQITKRKWEAADEAE-RRRSYLQGLCVESLRRYLEMGKDTLQRAEPPKTHVTRHPSSDLGVTLRCWALGFYPKEISLTWQREGQDQSQDMELVETRPSGDGTFQKWAALVVPPGEEQSYTCHVQHEGLQEPLTLRWD---PA-QPPVPIVGIIVGLVL--VLV-AGAMVAGVVIWRKTRSGEKGGSYTQAAGSDSDQGSDVSLTKDPRV--------
SLA-1*15:02,---MGPGALFLLLSGTLALTGTQAGPHSLSYFSTAVSRPDRGDSRFIAVGYVDDTQFVRFDSDAPNPRMEPRVPWIQQEGQEYWAEETRKVKDNAQTYRVNLKTLRGYYNQSVAGSHTLQSMFGCYLGPDGLLLHGYRQDAYDGADYIALNEDLRSWTAADMAAQITKRKWEAADAAE-QMRSYLQGLCVESLRRYLEMGKDTLQRAEPPKTHVTRHPSSDLGVTLRCWALGFYPKEISLTWQREGQDQSQDMELVETRPSGDGTFQKWAALVVPPGEEQSYTCHVQHEGLQEPLTLRWD---PA-QPPVPIVGIIVGLVL--VLV-AGAVVAGVVIWRKTRSGEKGGSYTQAAGSDSDQGSDVSLTKDPRV--------
SLA-2*04:01,MRVRGPQAILILLSGALALTGTQAGPHSLRYFDTAVSRPDRGEPRFIEVGYVDDTQFVRFDSDAPNPRMEPRAPWIQQEGQEYWDRNTRNAMGNAQIYRGNLRTALGYYNQSEAGSHTIQIMYGCDVGPDGLLLRGYSQDAYDGADYIALNEDLRSWTAADTAAQITKRKWEAADEAE-RRRSYLQGTCVEWLQKYLQMGKDTLQRAEPPKTHVTRHPSSDLGVTLRCWALGFYPKEISLTWQREGQDQSQDMELVETRPSGDGTFQKWAALVVPPGEEQSYTCHVQHEGLQEPLTLRWD---PP-QPPVPIVGIIVGLVL--VLV-AGAVVAGVVIWRKKRSGEKGGSYTQAAGSDSAQGSDVSLTKDPRV--------
SLA-2*05:02,MRVRGPQAILILLSGALALTGTWAGPHSLSYFYTAVSRPDRGDSRFIAVGYVDDTQFVRFDSDAPNPRMEPRAPWIEKEGQEYWDRNTRNAMRSAQTFRVNLRTALGYYNQSVAGSHTFQSMYGCYLGPDGLLLRGYRQYAYDSADYIALNEDLRSWTAADTAAQITKRKWETANVAE-GERSYLQGLCVESLQKYLEMGKDTLQRAEPPKTHVTRHPSSDLGVTLRCWALGFYPKEISLTWQREGQDQSQDMELVETRPSGDGTFQKWAALVVPPGEEQSYTCHVQHEGLQEPLTLRWE---PP-QPPVPIVGIIVGLVL--VLV-AGAMVAGVVIWRKKRPGEKGGSYTQAAGSDSAQGSDVSLTKDPRV--------
SLA-2*11:04,MRVRGPQAILILLSGALALTGTWAGPHSLSYFYTAVSRPDRGEPRFIAVGYVDDTQFVRFDSDAPNPRMEPRAPWIQQEGQDYWDRETQIQRDNAQTFRVNLRTALGYYNQSEAGSHTFQSMYGCYLGPDGLLLRGYSQYGYDSADYIALNEDLRSWTAADTAAQITKRKWEAADEAE-QWRSYLQGLCVEGLRRYLEMGKDTLQRAEPPKTHVTRHPSSDLGVTLRCWALGFYPKEISLTWQREGQDQSQDMELVETRPSGDGTFQKWAALVVPPGEEQSYTCHVQHEGLQEPLTLRWD---PP-QPPIPIVGIIVGLVL--VLV-AGAMVTGVVIWRKKRSGEKGGSYTQAAGSDSAQGSDVSLTKDPRV--------
DLA-88*508:01,-------------------------SHSLRYFYTSVSRPGRGDPRFIAVGYVDDTQFVRFDSDAATGRTEPRAPWVEQEGPEYWDGETRKVKETAQVYRVDLDTLRGYYNQSEAGSHTIQTMYGCDLGPGGRLLRGYRQDAYDGADYIALNEDLRSWTAADTAAQITRRKWEAAGVAELQWRNYLETTCVEWLQRYLEMGKETLLRA-----------------------------------------------------------------------------------------------------------------------------------------------------------------------------
DLA-88*501:01,-------------------------SHSLRYFYTSVSRPGRGDPRFIAVGYVDDAQFVRFDSDAATGRMEPRAPWVEQEGPEYWDPQTRTIKETARTFRVDLDTLRGYYNQSEAGSHTRQTMYGCDLGPGGRLLRGYRQDAYDGADYIALNEDLRSWTAADTAAQITRRKWEAAGVAELQWRNYLETTCVEWLRRYLEMGKETLLRA-----------------------------------------------------------------------------------------------------------------------------------------------------------------------------
BoLA-1*21:01,---MGPRTLFVLLLGALVLTETRAGSHSLRYFYTAVSRPGDGEPRFITVGYVDDTQFVWFDSDAPDPRKEPRTPWIEKEGPEYWDRETRISKENTLVYRGSLNNLRGYYNQSEAGSHTFQQMFGCDVGPDGRLLGGYRQYAYDGRDYIALNEDLRSWTAADTAAQITKRKWEAAGDAE-RFRNYVEGECVEGLRRYLENGKDTLLRADPPKAHVTHHPISEREVTLRCWALGFYPEEISLTWQRNGEDQTQDMELVETRPSGDGNFQKWAALVVPSGEEQRYTCHVQHKGLQEPLTLRWE---PP-QTSFLTMGIIVGLVL--LVV-A--VVAGAVIWRKKRSGEKRQTYTQAASGDSDQGSDVSLTVPKV---------
BoLA-6*41:01,---MGPRTLFMLLLGALVLIETRAGSHFLRYFHTAVSRPGLREPLFITVGYVDDTQFVRFDSDARDPRKEPRQPWMEKEGPEYWDRETQISKENALWYREALNTLRGYYNQSEAGSHTLQEMYGCDVGSDGRLRRGYEQYGYDGRDYLALNEDLRSWTAADTAAQISKRKMEAAGAAE-RFRNYLEGRCVESLRRYLENGKDTLLRADPPKAHVTRHPSSEHEVTLRCWALGFYPEEISLTWQRNGEDQTQDMELVETRPSGDGNFQKWAALVVPSGEEQRYTCRVQHEGLQEPLTLRWE---PP-QTSFLTMGIIVGLVL--LVV-A--VVAGAVIWMKKHSGEKRRTYTQAASNDSAQGSDVSLTVPKA---------
BoLA-6*13:01,---MGPGTLFMLLLGALVLIETRAGSHSLRYFHTAVSRPGLREPLFITVGYVDDTQFVRFDSDARDPRTEPRQPWMEKEGPEYWDRETQISKENALWYREALNNLRGYYNQSEAGSHTLQEMYGCDVGSDGRLRRGYEQYGYDGRDYLALNEDLRSWTAADTAAQISKRKMEAAGAAE-RFRNYLEGTCVEWLRRYLENGKDTLLRADPPKAHVTRHPSSEHEVTLRCWALGFYPEEISLTWQRNGEDQTQDMELVETRPSGDGNFQKWAALVVPSGEEQRYTCRVQHEGLQEPLTLRWE---PP-QTSFLTMGIIVGLVL--LVV-A--VVAGAVIWMKKHSGEKRRTYTQAASNDSAQGSDVSLTVPKV---------
BoLA-6*13:02,--------LFMLLLGALVLIETRAGSHSLRYFHTAVSRPGLREPLFITVGYVDDTQFVRFDSDARDPRTEPRQPWMEKEGPEYWDRETQISKENALWYREALNNLRGYYNQSEAGSHTLQLMYGCDVGSDGRLRRGYEQYGYDGRDYLALNEDLRSWTAADTAAQISKRKMEAAGAAE-RFRNYLEGTCVEWLRRYLENGKDTLLRADPPKAHVTRHPSSEHEVTLRCWALGFYPEEISLTWQRNGEDQTQDMELVETRPSGDGNFQKWAALVVPSGEEQRYTCRVQHEGLQEPLTLRWE---PP-QTSFLTMGIIVGLVL--LVV-A--VVAGAVIWMKKHSGEKRRTYTQAASNDSAQGSDVSLTVPKV---------
BoLA-4*24:01,--------LLLLLSGVLVLTETRAGSHSLRYFSTAVSRPGLEEPRFIIVGYVDDTQFVRFDSDSPNPRAEPRAPWMEQEGPEYWDEQTRIVKDTAQTFRANLNTALGYYNQSEAGSHNIQAMYGCDVGSDGSFLRGYSQDAYDGRDYIALNEDLRSWTAADTAAQITKRKWEAEGYAE-SLRNYLEGTCVEWLRRYLENGKDTLLRADPPKAHVTHHSISGREVTLRCWALGFYPEEISLTWQRKGEDQTQEMELVETRPSGDGNFQKWAALVVPSGEEQKYTCRVQHKGLQEPLTLRWE---PP-QTSFLTMGIIVGLVL--LVV-TGVVVAGAVIWMKRRSGEKGGNYIQASSSDSAQGSDVSLTVPKV---------
BoLA-2*12:01,---MRPRTLLLLLSGVLVLTETLAGSHSLRYFYTAVSRPGLGEPRFIAVGYVDDTQFVRFDSDAPDPRTEPRVRWVEQEGPEYWDRETRNFKDTAQTFRVDLNTLRGYYNQSEAGSHNIQAMYGCDVGPDGRLLRGYRQDAYDGRDYIALNEDLRSWTAADTAAQITKRKWEAAGEAE-RHRNYLEGTCVEWLRRYLENGKDTLLRADPPKAHVTHHSISDREVTLRCWALGFYPEEISLTWQREGEDQTQDMELVETRPSGDGTFQKWAALVVPSGEEQRYTCRVQHEGLQEPLTLRWE---PP-QTSFLTMGIIVGLVL--LVV-A--VVAGAVIWRKKRSGEKGRIYTQAASSDSAQGSDVSLTVPKV---------
BoLA-2*18:01,--------LLLVLSRVLVLTETLAGSHSLRYFYTAVSRPGLGEPRFIAVGYVDDTQFTRFDSDAPNPRDEPRVPWMEQEGPEYWDRNTRIYKDTAQIFRANLNTALGYYNQSEAGSHTFQEMYGCYVGPDGRLLLGFMQFAYDGRDYIALNEDLRSWTAADTAAQITKRKWEAAGEAE-RQRNYLEGRCVEGLRRYLENGKDTLLRADPPKAHVTHHPISDREVTLRCWALGFYPEEISLTWQHEGEDQTQDMELVETRPSGDGTFQKWAALVVPSGEEQRYTCRVQHEGLQEPLTLRWE---PP-QTSFLTMGIIVGLVL--LVV-A--VVAGAVIWRKKRSGEKGRIYTQAASSDSAQGSDVSLTVPKV---------
Mamu-A*01:01,-----------VLSGALVLTQTRAGSHSMKYFYTSMSRPGRGQPRFIAVGYVDDTQFVRFDSDAASQRMEPRAPWVEQEGPEYWDRETRNMKTETQNAPVNLRTLLRYYNQSEAGSHTVQRMVGCDLGPDGRLLRGYEQYAYDGKDYIALNEDLRSWTAADVAAQNTQRKWEAADVAE-SMRAYLEGQCVEWLPRYLEKGKETLQRTDPPKTHVTHHPVSDHEATLRCWALGFYPAEITLTWQRDGEDQTQDTELVETRPAGDGTFQKWAAVVVPSGEEQRYTCHVQHEGLPKPHTLKWE---PFSQSTIPMVGIIAGLVLLGA-VVTGAVVA-AVMWRRKSSDRKGGSYSQAASSDSAQGSDVSLTACKV---------
Mamu-A*02:01,MAVMAPRTLLLLLSGALALTQTWAGSHSMRYFYTSMSRPGRGQPRFISVGYVDDTQFVRFDSDAESPREEPRAPWMEQEGPEYWEEQTRRVKGHAQTFRVSLGNLRGYYNQSEAGSHTIQRMYGCDLGPDGRLLRGYEQSAYDGRDYIALNEDLRSWTAADMAAQNTQRKWEAAGVAE-QHRTYLEGECLESLRRYLENGKETLQRADSPKTHVTHHPVSDHEATLRCWALGFYPAEITLTWRRDGEDQTQDTELVETRPAGDGTFQKWAAVVVPSGKEQRYTCHVQHEGLPEPLTLRWE---PSSQSTIPIVGIIAGLVLLGT-VVTGAVVA-AVMWRRKSSDRKGGSYSQAASSDSAQGSDVSLTACKV---------
HLA-A*25:01,MAVMAPRTLVLLLSGALALTQTWAGSHSMRYFYTSVSRPGRGEPRFIAVGYVDDTQFVRFDSDAASQRMEPRAPWIEQEGPEYWDRNTRNVKAHSQTDRESLRIALRYYNQSEDGSHTIQRMYGCDVGPDGRFLRGYQQDAYDGKDYIALNEDLRSWTAADMAAQITQRKWETAHEAE-QWRAYLEGRCVEWLRRYLENGKETLQRTDAPKTHMTHHAVSDHEATLRCWALSFYPAEITLTWQRDGEDQTQDTELVETRPAGDGTFQKWASVVVPSGQEQRYTCHVQHEGLPKPLTLRWE---PSSQPTIPIVGIIAGLVLFGA-VIAGAVVA-AVMWRRKSSDRKGGSYSQAASSDSAQGSDMSLTACKV---------
HLA-A*66:01,MAVMAPRTLVLLLSGALALTQTWAGSHSMRYFYTSVSRPGRGEPRFIAVGYVDDTQFVRFDSDAASQRMEPRAPWIEQEGPEYWDRNTRNVKAQSQTDRVDLGTLRGYYNQSEDGSHTIQRMYGCDVGPDGRFLRGYQQDAYDGKDYIALNEDLRSWTAADMAAQITQRKWETAHEAE-QWRAYLEGRCVEWLRRYLENGKETLQRTDAPKTHMTHHAVSDHEATLRCWALSFYPAEITLTWQRDGEDQTQDTELVETRPAGDGTFQKWASVVVPSGQEQRYTCHVQHEGLPKPLTLRWE---PSSQPTIPIVGIIAGLVLFGA-VIAGAVVA-AVMWRRKSSDRKGGSYSQAASSDSAQGSDMSLTACKV---------
HLA-A*26:03,MAVMAPRTLVLLLSGALALTQTWAGSHSMRYFYTSVSRPGRGEPRFIAVGYVDDTQFVRFDSDAASQRMEPRAPWIEQEGPEYWDRNTRNVKAHSQTHRVDLGTLRGYYNQSEDGSHTIQRMYGCDVGPDGRFLRGYQQDAYDGKDYIALNEDLRSWTAADMAAQITQRKWETAHEAE-QWRAYLEGRCVEWLRRYLENGKETLQRTDAPKTHMTHHAVSDHEATLRCWALSFYPAEITLTWQRDGEDQTQDTELVETRPAGDGTFQKWASVVVPSGQEQRYTCHVQHEGLPKPLTLRWE---PSSQPTIPIVGIIAGLVLFGA-VIAGAVVA-AVMWRRKSSDRKGGSYSQAASSDSAQGSDMSLTACKV---------
HLA-A*26:01,MAVMAPRTLVLLLSGALALTQTWAGSHSMRYFYTSVSRPGRGEPRFIAVGYVDDTQFVRFDSDAASQRMEPRAPWIEQEGPEYWDRNTRNVKAHSQTDRANLGTLRGYYNQSEDGSHTIQRMYGCDVGPDGRFLRGYQQDAYDGKDYIALNEDLRSWTAADMAAQITQRKWETAHEAE-QWRAYLEGRCVEWLRRYLENGKETLQRTDAPKTHMTHHAVSDHEATLRCWALSFYPAEITLTWQRDGEDQTQDTELVETRPAGDGTFQKWASVVVPSGQEQRYTCHVQHEGLPKPLTLRWE---PSSQPTIPIVGIIAGLVLFGA-VIAGAVVA-AVMWRRKSSDRKGGSYSQAASSDSAQGSDMSLTACKV---------
HLA-A*26:02,MAVMAPRTLVLLLSGALALTQTWAGSHSMRYFYTSVSRPGRGEPRFIAVGYVDDTQFVRFDSDAASQRMEPRAPWIEQEGPEYWDRNTRNVKAHSQTDRANLGTLRGYYNQSEDGSHTIQRMYGCDVGPDGRFLRGYQQNAYDGKDYIALNEDLRSWTAADMAAQITQRKWETAHEAE-QWRAYLEGRCVEWLRRYLENGKETLQRTDAPKTHMTHHAVSDHEATLRCWALSFYPAEITLTWQRDGEDQTQDTELVETRPAGDGTFQKWASVVVPSGQEQRYTCHVQHEGLPKPLTLRWE---PSSQPTIPIVGIIAGLVLFGA-VIAGAVVA-AVMWRRKSSDRKGGSYSQAASSDSAQGSDMSLTACKV---------
HLA-A*32:15,MAVMAPRTLLLLLLGALALTQTWAGSHSMRYFFTSVSRPGRGEPRFIAVGYVDDTQFVRFDSDAASQRMEPRAPWIEQEGPEYWDRNTRNVKAHSQTDRESLRIALRYYNQSEAGSHTIQMMYGCDVGPDGRLLRGYQQDAYDGKDYIALNEDLRSWTAADMAAQITQRKWEAARVAE-QLRAYLEGTCVEWLRRYLENGKETLQRTDAPKTHMTHHAVSDHEATLRCWALSFYPAEITLTWQRDGEDQTQDTELVETRPAGDGTFQKWASVVVPSGQEQRYTCHVQHEGLPKPLTLRWE---PSSQPTIPIVGIIAGLVLFGA-MFAGAVVA-AVRWRRKSSDRKGGSYSQAASSDSAQGSDMSLTACKV---------
HLA-A*32:07,MAVMAPRTLLLLLLGALALTQTWAGSHSMRYFSTSVSRPGRGEPRFIAVGYVDDTQFVRFDSDAASQRMEPRAPWIEQEGPEYWDQETRNVKAHSQTDRESLRIALRYYNQSEAGSHTIQMMYGCDVGPDGRLLRGYQQDAYDGKDYIALNEDLRSWTAADMAAQITQRKWEAARVAE-QLRAYLEGTCVEWLRRYLENGKETLQRTDAPKTHMTHHAVSDHEATLRCWALSFYPAEITLTWQRDGEDQTQDTELVETRPAGDGTFQKWASVVVPSGQEQRYTCHVQHEGLPKPLTLRWE---PSSQPTIPIVGIIAGLVLFGA-MFAGAVVA-AVRWRRKSSDRKGGSYSQAASSDSAQGSDMSLTACKV---------
HLA-A*32:01,MAVMAPRTLLLLLLGALALTQTWAGSHSMRYFFTSVSRPGRGEPRFIAVGYVDDTQFVRFDSDAASQRMEPRAPWIEQEGPEYWDQETRNVKAHSQTDRESLRIALRYYNQSEAGSHTIQMMYGCDVGPDGRLLRGYQQDAYDGKDYIALNEDLRSWTAADMAAQITQRKWEAARVAE-QLRAYLEGTCVEWLRRYLENGKETLQRTDAPKTHMTHHAVSDHEATLRCWALSFYPAEITLTWQRDGEDQTQDTELVETRPAGDGTFQKWASVVVPSGQEQRYTCHVQHEGLPKPLTLRWE---PSSQPTIPIVGIIAGLVLFGA-MFAGAVVA-AVRWRRKSSDRKGGSYSQAASSDSAQGSDMSLTACKV---------
HLA-A*74:01,MAVMAPRTLLLLLLGALALTQTRAGSHSMRYFFTSVSRPGRGEPRFIAVGYVDDTQFVRFDSDAASQRMEPRAPWIEQEGPEYWDQETRNVKAHSQTDRVDLGTLRGYYNQSEAGSHTIQMMYGCDVGPDGRLLRGYQQDAYDGKDYIALNEDLRSWTAADMAAQITQRKWEAARVAE-QLRAYLEGTCVEWLRRYLENGKETLQRTDAPKTHMTHHAVSDHEATLRCWALSFYPAEITLTWQRDGEDQTQDTELVETRPAGDGTFQKWASVVVPSGQEQRYTCHVQHEGLPKPLTLRWE---PSSQPTIPIVGIIAGLVLFGA-MFAGAVVA-AVRWRRKSSDRKGGSYSQAASSDSAQGSDMSLTACKV---------
HLA-A*29:02,MAVMAPRTLLLLLLGALALTQTWAGSHSMRYFTTSVSRPGRGEPRFIAVGYVDDTQFVRFDSDAASQRMEPRAPWIEQEGPEYWDLQTRNVKAQSQTDRANLGTLRGYYNQSEAGSHTIQMMYGCDVGSDGRFLRGYRQDAYDGKDYIALNEDLRSWTAADMAAQITQRKWEAARVAE-QLRAYLEGTCVEWLRRYLENGKETLQRTDAPKTHMTHHAVSDHEATLRCWALSFYPAEITLTWQRDGEDQTQDTELVETRPAGDGTFQKWASVVVPSGQEQRYTCHVQHEGLPKPLTLRWE---PSSQPTIPIVGIIAGLVLFGA-VFAGAVVA-AVRWRRKSSDRKGGSYSQAASSDSAQGSDMSLTACKV---------
HLA-A*31:01,MAVMAPRTLLLLLLGALALTQTWAGSHSMRYFTTSVSRPGRGEPRFIAVGYVDDTQFVRFDSDAASQRMEPRAPWIEQERPEYWDQETRNVKAHSQIDRVDLGTLRGYYNQSEAGSHTIQMMYGCDVGSDGRFLRGYQQDAYDGKDYIALNEDLRSWTAADMAAQITQRKWEAARVAE-QLRAYLEGTCVEWLRRYLENGKETLQRTDPPKTHMTHHAVSDHEATLRCWALSFYPAEITLTWQRDGEDQTQDTELVETRPAGDGTFQKWASVVVPSGQEQRYTCHVQHEGLPKPLTLRWE---PSSQPTIPIVGIIAGLVLFGA-VFAGAVVA-AVRWRRKSSDRKGGSYSQAASSDSAQGSDMSLTACKV---------
HLA-A*33:01,MAVMAPRTLLLLLLGALALTQTWAGSHSMRYFTTSVSRPGRGEPRFIAVGYVDDTQFVRFDSDAASQRMEPRAPWIEQEGPEYWDRNTRNVKAHSQIDRVDLGTLRGYYNQSEAGSHTIQMMYGCDVGSDGRFLRGYQQDAYDGKDYIALNEDLRSWTAADMAAQITQRKWEAARVAE-QLRAYLEGTCVEWLRRHLENGKETLQRTDPPRTHMTHHAVSDHEATLRCWALSFYPAEITLTWQRDGEDQTQDTELVETRPAGDGTFQKWASVVVPSGQEQRYTCHVQHEGLPKPLTLRWE---PSSQPTIPIVGIIAGLVLFGA-VFAGAVVA-AVRWRRKSSDRKGGSYSQAASSDSAQGSDMSLTACKV---------
HLA-A*33:03,MAVMAPRTLLLLLLGALALTQTWAGSHSMRYFTTSVSRPGRGEPRFIAVGYVDDTQFVRFDSDAASQRMEPRAPWIEQEGPEYWDRNTRNVKAHSQIDRVDLGTLRGYYNQSEAGSHTIQMMYGCDVGSDGRFLRGYQQDAYDGKDYIALNEDLRSWTAADMAAQITQRKWEAARVAE-QLRAYLEGTCVEWLRRYLENGKETLQRTDPPKTHMTHHAVSDHEATLRCWALSFYPAEITLTWQRDGEDQTQDTELVETRPAGDGTFQKWASVVVPSGQEQRYTCHVQHEGLPKPLTLRWE---PSSQPTIPIVGIIAGLVLFGA-VFAGAVVA-AVRWRRKSSDRKGGSYSQAASSDSAQGSDMSLTACKV---------
HLA-A*23:01,MAVMAPRTLVLLLSGALALTQTWAGSHSMRYFSTSVSRPGRGEPRFIAVGYVDDTQFVRFDSDAASQRMEPRAPWIEQEGPEYWDEETGKVKAHSQTDRENLRIALRYYNQSEAGSHTLQMMFGCDVGSDGRFLRGYHQYAYDGKDYIALKEDLRSWTAADMAAQITQRKWEAARVAE-QLRAYLEGTCVDGLRRYLENGKETLQRTDPPKTHMTHHPISDHEATLRCWALGFYPAEITLTWQRDGEDQTQDTELVETRPAGDGTFQKWAAVVVPSGEEQRYTCHVQHEGLPKPLTLRWE---PSSQPTVHIVGIIAGLVLLGA-VITGAVVA-AVMWRRNSSDRKGGSYSQAASSDSAQGSDVSLTACKV---------
HLA-A*24:03,MAVMAPRTLVLLLSGALALTQTWAGSHSMRYFSTSVSRPGRGEPRFIAVGYVDDTQFVRFDSDAASQRMEPRAPWIEQEGPEYWDEETGKVKAHSQTDRENLRIALRYYNQSEAGSHTLQMMFGCDVGSDGRFLRGYHQYAYDGKDYIALKEDLRSWTAADMAAQITKRKWEAAHVAE-QQRAYLEGTCVEWLRRYLENGKETLQRTDPPKTHMTHHPISDHEATLRCWALGFYPAEITLTWQRDGEDQTQDTELVETRPAGDGTFQKWAAVVVPSGEEQRYTCHVQHEGLPKPLTLRWE---PSSQPTVPIVGIIAGLVLLGA-VITGAVVA-AVMWRRNSSDRKGGSYSQAASSDSAQGSDVSLTACKV---------
HLA-A*24:02,MAVMAPRTLVLLLSGALALTQTWAGSHSMRYFSTSVSRPGRGEPRFIAVGYVDDTQFVRFDSDAASQRMEPRAPWIEQEGPEYWDEETGKVKAHSQTDRENLRIALRYYNQSEAGSHTLQMMFGCDVGSDGRFLRGYHQYAYDGKDYIALKEDLRSWTAADMAAQITKRKWEAAHVAE-QQRAYLEGTCVDGLRRYLENGKETLQRTDPPKTHMTHHPISDHEATLRCWALGFYPAEITLTWQRDGEDQTQDTELVETRPAGDGTFQKWAAVVVPSGEEQRYTCHVQHEGLPKPLTLRWE---PSSQPTVPIVGIIAGLVLLGA-VITGAVVA-AVMWRRNSSDRKGGSYSQAASSDSAQGSDVSLTACKV---------
HLA-A*24:01,MAVMAPRTLVLLLSGALALTQTWAGSHSMRYFSTSVSRPGRGEPRFIAVGYVDDTQFVRFDSDAASQRMEPRAPWIEQEGPEYWDEETGKVKAHSQTDRENLRIALRYYNQSEAGSHTLQMMFGCDVGSDGRFLRGYHQYAYDGKDYIALKEDLRSWTAADMAAQITKRKWEAAHVAE-QQRAYLEGTCVDGLRRYLENGKETLQRTDPPKTHMTHHPISDHEATLRCWALGFYPAEITLTWQRDGEDX-----------------------------------------------------------------------------------------------------------------------------------
HLA-A*02:19,MAVMAPRTLVLLLSGALALTQTWAGSHSMRYFFTSVSRPGRGEPRFIAVGYVDDTQFVRFDSDAASQRMEPRAPWIEQEGPEYWDGETRKVKAHSQTHRVDLGTLRGYYNQSEAGSHTVQRMYGCDVGSDWRFLRGYHQYAYDGKDYIALKEDLRSWTAADMAAQITKRKWEAAHVAE-QQRAYLEGTCVDGLRRYLENGKETLQRTDPPKTHMTHHPISDHEATLRCWALGFYPAEITLTWQRDGEDQTQDTELVETRPAGDGTFQKWAAVVVPSGEEQRYTCHVQHEGLPKPLTLRWE---PSSQPTVPIVGIIAGLVLLGA-VITGAVVA-AVMWRRNSSDRKGGSYSQAASSDSAQGSDVSLTACKV---------
HLA-A*02:50,-------------------------SHSMRYFFTSMSRPGRGEPRFIAVGYVDDTQFVRFDSDAASQRMEPRAPWIEQEGPEYWDGETRKVKAHSQTHRVDLGTLRGYYNQSEAGSHTIQRMYGCDVGPDGRFLRGYHQYAYDGKDYIALKEDLRSWTAADMAAQTTKHKWEAAHVAE-QWRAYLEGTCVEWLRRYLENGKETLQRT-----------------------------------------------------------------------------------------------------------------------------------------------------------------------------
HLA-A*68:02,MAVMAPRTLVLLLSGALALTQTWAGSHSMRYFYTSMSRPGRGEPRFIAVGYVDDTQFVRFDSDAASQRMEPRAPWIEQEGPEYWDRNTRNVKAQSQTDRVDLGTLRGYYNQSEAGSHTIQRMYGCDVGPDGRFLRGYHQYAYDGKDYIALKEDLRSWTAADMAAQTTKHKWEAAHVAE-QWRAYLEGTCVEWLRRYLENGKETLQRTDAPKTHMTHHAVSDHEATLRCWALSFYPAEITLTWQRDGEDQTQDTELVETRPAGDGTFQKWVAVVVPSGQEQRYTCHVQHEGLPKPLTLRWE---PSSQPTIPIVGIIAGLVLFGA-VITGAVVA-AVMWRRKSSDRKGGSYSQAASSDSAQGSDVSLTACKV---------
HLA-A*68:01,MAVMAPRTLVLLLSGALALTQTWAGSHSMRYFYTSVSRPGRGEPRFIAVGYVDDTQFVRFDSDAASQRMEPRAPWIEQEGPEYWDRNTRNVKAQSQTDRVDLGTLRGYYNQSEAGSHTIQMMYGCDVGSDGRFLRGYRQDAYDGKDYIALKEDLRSWTAADMAAQTTKHKWEAAHVAE-QWRAYLEGTCVEWLRRYLENGKETLQRTDAPKTHMTHHAVSDHEATLRCWALSFYPAEITLTWQRDGEDQTQDTELVETRPAGDGTFQKWVAVVVPSGQEQRYTCHVQHEGLPKPLTLRWE---PSSQPTIPIVGIIAGLVLFGA-VITGAVVA-AVMWRRKSSDRKGGSYSQAASSDSAQGSDVSLTACKV---------
HLA-A*68:23,MAVMAPRTLVLLLSGALALTQTWAGSHSMRYFYTSVSRPGRGEPRFIAVGYVDDTQFVRFDSDAASQRMEPRAPWIEQEGPEYWDRNTRNVKAQSQTDRVDLGTLRGYYNQSEAGSHTIQRMYGCDVGSDGRFLRGYRQDAYDGKDYIALKEDLRSWTAADMAAQTTKHKWEAAHVAE-QWRAYLEGTCVEWLRRYLENGKETLQRTDAPKTHMTHHAVSDHEATLRCWALSFYPAEITLTWQRDGEDQTQDTELVETRPAGDGTFQKWVAVVVPSGQEQRYTCHVQHEGLPKPLTLRWE---PSSQPTIPIVGIIAGLVLFGA-VITGAVVA-AVMWRRKSSDRKGGSYSQAASSDSAQGSDVSLTACKV---------
HLA-A*69:01,MAVMAPRTLVLLLSGALALTQTWAGSHSMRYFYTSVSRPGRGEPRFIAVGYVDDTQFVRFDSDAASQRMEPRAPWIEQEGPEYWDRNTRNVKAQSQTDRVDLGTLRGYYNQSEAGSHTVQRMYGCDVGSDWRFLRGYHQYAYDGKDYIALKEDLRSWTAADMAAQTTKHKWEAAHVAE-QLRAYLEGTCVEWLRRYLENGKETLQRTDAPKTHMTHHAVSDHEATLRCWALSFYPAEITLTWQRDGEDQTQDTELVETRPAGDGTFQKWAAVVVPSGQEQRYTCHVQHEGLPKPLTLRWE---PSSQPTIPIVGIIAGLVLFGA-VITGAVVA-AVMWRRKSSDRKGGSYSQAASSDSAQGSDVSLTACKV---------
HLA-A*02:14,MAVMAPRTLVLLLSGALALTQTWAGSHSMRYFYTSVSRPGRGEPRFIAVGYVDDTQFVRFDSDAASRRMEPRAPWIEQEGPEYWDGETRKVKAHSQTHRVDLGTLRGYYNQSEAGSHTLQRMYGCDVGSDWRFLRGYHQYAYDGKDYIALKEDLRSWTAADMAAQTTKHKWEAAHVAE-QLRAYLEGTCVEWLRRYLENGKETLQRTDAPKTHMTHHAVSDHEATLRCWALSFYPAEITLTWQRDGEDQTQDTELVETRPAGDGTFQKWAAVVVPSGQEQRYTCHVQHEGLPKPLTLRWE---PSSQPTIPIVGIIAGLVLFGA-VITGAVVA-AVMWRRKSSDRKGGSYSQAASSDSAQGSDVSLTACKV---------
HLA-A*02:08,MAVMAPRTLVLLLSGALALTQTWAGSHSMRYFYTSVSRPGRGEPRFIAVGYVDDTQFVRFDSDAASRRMEPRAPWIEQEGPEYWDGETRNVKAHSQTHRVDLGTLRGYYNQSEAGSHTLQRMYGCDVGSDWRFLRGYHQYAYDGKDYIALKEDLRSWTAADMAAQTTKHKWEAAHVAE-QWRAYLEGTCVEWLRRYLENGKETLQRTDAPKTHMTHHAVSDHEATLRCWALSFYPAEITLTWQRDGEDQTQDTELVETRPAGDGTFQKWAAVVVPSGQEQRYTCHVQHEGLPKPLTLRWE---PSSQPTIPIVGIIAGLVLFGA-VITGAVVA-AVMWRRKSSDRKGGSYSQAASSDSAQGSDVSLTACKV---------
HLA-A*02:02,MAVMAPRTLVLLLSGALALTQTWAGSHSMRYFFTSVSRPGRGEPRFIAVGYVDDTQFVRFDSDAASRRMEPRAPWIEQEGPEYWDGETRKVKAHSQTHRVDLGTLRGYYNQSEAGSHTLQRMYGCDVGSDWRFLRGYHQYAYDGKDYIALKEDLRSWTAADMAAQTTKHKWEAAHVAE-QWRAYLEGTCVEWLRRYLENGKETLQRTDAPKTHMTHHAVSDHEATLRCWALSFYPAEITLTWQRDGEDQTQDTELVETRPAGDGTFQKWAAVVVPSGQEQRYTCHVQHEGLPKPLTLRWE---PSSQPTIPIVGIIAGLVLFGA-VITGAVVA-AVMWRRKSSDRKGGSYSQAASSDSAQGSDVSLTACKV---------
HLA-A*02:05,MAVMAPRTLVLLLSGALALTQTWAGSHSMRYFYTSVSRPGRGEPRFIAVGYVDDTQFVRFDSDAASRRMEPRAPWIEQEGPEYWDGETRKVKAHSQTHRVDLGTLRGYYNQSEAGSHTLQRMYGCDVGSDWRFLRGYHQYAYDGKDYIALKEDLRSWTAADMAAQTTKHKWEAAHVAE-QWRAYLEGTCVEWLRRYLENGKETLQRTDAPKTHMTHHAVSDHEATLRCWALSFYPAEITLTWQRDGEDQTQDTELVETRPAGDGTFQKWAAVVVPSGQEQRYTCHVQHEGLPKPLTLRWE---PSSQPTIPIVGIIAGLVLFGA-VITGAVVA-AVMWRRKSSDRKGGSYSQAASSDSAQGSDVSLTACKV---------
HLA-A*02:03,MAVMAPRTLVLLLSGALALTQTWAGSHSMRYFFTSVSRPGRGEPRFIAVGYVDDTQFVRFDSDAASQRMEPRAPWIEQEGPEYWDGETRKVKAHSQTHRVDLGTLRGYYNQSEAGSHTVQRMYGCDVGSDWRFLRGYHQYAYDGKDYIALKEDLRSWTAADMAAQTTKHKWETAHEAE-QWRAYLEGTCVEWLRRYLENGKETLQRTDAPKTHMTHHAVSDHEATLRCWALSFYPAEITLTWQRDGEDQTQDTELVETRPAGDGTFQKWAAVVVPSGQEQRYTCHVQHEGLPKPLTLRWE---PSSQPTIPIVGIIAGLVLFGA-VITGAVVA-AVMWRRKSSDRKGGSYSQAASSDSAQGSDVSLTACKV---------
HLA-A*02:10,MAVMAPRTLVLLLSGALALTQTWAGSHSMRYFYTSVSRPGRGEPRFIAVGYVDDTQFVRFDSDAASQRMEPRAPWIEQEGPEYWDGETRKVKAHSQTHRVDLGTLRGYYNQSEAGSHTVQRMFGCDVGSDGRFLRGYHQYAYDGKDYIALKEDLRSWTAADMAAQTTKHKWEAAHVAE-QLRAYLEGTCVEWLRRYLENGKETLQRTDAPKTHMTHHAVSDHEATLRCWALSFYPAEITLTWQRDGEDQTQDTELVETRPAGDGTFQKWAAVVVPSGQEQRYTCHVQHEGLPKPLTLRWE---PSSQPTIPIVGIIAGLVLFGA-VITGAVVA-AVMWRRKSSDRKGGSYSQAASSDSAQGSDVSLTACKV---------
HLA-A*02:11,MAVMAPRTLVLLLSGALALTQTWAGSHSMRYFFTSVSRPGRGEPRFIAVGYVDDTQFVRFDSDAASQRMEPRAPWIEQEGPEYWDGETRKVKAHSQIDRVDLGTLRGYYNQSEAGSHTVQRMYGCDVGSDWRFLRGYHQYAYDGKDYIALKEDLRSWTAADMAAQTTKHKWEAAHVAE-QLRAYLEGTCVEWLRRYLENGKETLQRTDAPKTHMTHHAVSDHEATLRCWALSFYPAEITLTWQRDGEDQTQDTELVETRPAGDGTFQKWAAVVVPSGQEQRYTCHVQHEGLPKPLTLRWE---PSSQPTIPIVGIIAGLVLFGA-VITGAVVA-AVMWRRKSSDRKGGSYSQAASSDSAQGSDVSLTACKV---------
HLA-A*02:17,MAVMAPRTLVLLLSGALALTQTWAGSHSMRYFFTSVSRPGRGEPRFIAVGYVDDTQFVRFDSDAASQRMEPRAPWIEQEGPEYWDGETRKVKAHSQTHRVDLGTLRGYYNQSEAGSHTLQMMFGCDVGSDWRFLRGYHQYAYDGKDYIALKEDLRSWTAADMAAQTTKHKWEAAHVAE-QLRAYLEGTCVEWLRRYLENGKETLQRTDAPKTHMTHHAVSDHEATLRCWALSFYPAEITLTWQRDGEDQTQDTELVETRPAGDGTFQKWAAVVVPSGQEQRYTCHVQHEGLPKPLTLRWE---PSSQPTIPIVGIIAGLVLFGA-VITGAVVA-AVMWRRKSSDRKGGSYSQAASSDSAQGSDVSLTACKV---------
HLA-A*02:09,MAVMAPRTLVLLLSGALALTQTWAGSHSMRYFFTSVSRPGRGEPRFIAVGYVDDTQFVRFDSDAASQRMEPRAPWIEQEGPEYWDGETRKVKAHSQTHRVDLGTLRGYYNQSEAGSHTVQRMYGCDVGSDWRFLRGYHQYAYDGKDYIALKEDLRSWTAADMAAQTTKHKWEAAHVAE-QLRAYLEGTCVEWLRRYLENGKETLQRTDAPKTHMTHHAVSDHEATLRCWALSFYPAEITLTWQRDGEDQTQDTELVETRPEGDGTFQKWAAVVVPSGQEQRYTCHVQHEGLPKPLTLRWE---PSSQPTIPIVGIIAGLVLFGA-VITGAVVA-AVMWRRKSSDRKGGSYSQAASSDSAQGSDVSLTACKV---------
HLA-A*02:04,MAVMAPRTLVLLLSGALALTQTWAGSHSMRYFFTSVSRPGRGEPRFIAVGYVDDTQFVRFDSDAASQRMEPRAPWIEQEGPEYWDGETRKVKAHSQTHRVDLGTLRGYYNQSEAGSHTVQMMYGCDVGSDWRFLRGYHQYAYDGKDYIALKEDLRSWTAADMAAQTTKHKWEAAHVAE-QLRAYLEGTCVEWLRRYLENGKETLQRTDAPKTHMTHHAVSDHEATLRCWALSFYPAEITLTWQRDGEDQTQDTELVETRPAGDGTFQKWAAVVVPSGQEQRYTCHVQHEGLPKPLTLRWE---PSSQPTIPIVGIIAGLVLFGA-VITGAVVA-AVMWRRKSSDRKGGSYSQAASSDSAQGSDVSLTACKV---------
HLA-A*02:07,MAVMAPRTLVLLLSGALALTQTWAGSHSMRYFFTSVSRPGRGEPRFIAVGYVDDTQFVRFDSDAASQRMEPRAPWIEQEGPEYWDGETRKVKAHSQTHRVDLGTLRGYYNQSEAGSHTVQRMCGCDVGSDWRFLRGYHQYAYDGKDYIALKEDLRSWTAADMAAQTTKHKWEAAHVAE-QLRAYLEGTCVEWLRRYLENGKETLQRTDAPKTHMTHHAVSDHEATLRCWALSFYPAEITLTWQRDGEDQTQDTELVETRPAGDGTFQKWAAVVVPSGQEQRYTCHVQHEGLPKPLTLRWE---PSSQPTIPIVGIIAGLVLFGA-VITGAVVA-AVMWRRKSSDRKGGSYSQAASSDSAQGSDVSLTACKV---------
HLA-A*02:12,MAVMAPRTLVLLLSGALALTQTWAGSHSMRYFFTSVSRPGRGEPRFIAVGYVDDTQFVRFDSDAASQRMEPRAPWIEQEGPEYWDGETRKVKAHSQTHRVDLGTLRGYYNQSEAGSHTVQRMYGCDVGSDWRFLRGYHQYAYDGKDYIALKEDLRSWTAADMAAQTTKHKWEAAHVAE-QQRAYLEGTCVEWLRRYLENGKETLQRTDAPKTHMTHHAVSDHEATLRCWALSFYPAEITLTWQRDGEDQTQDTELVETRPAGDGTFQKWAAVVVPSGQEQRYTCHVQHEGLPKPLTLRWE---PSSQPTIPIVGIIAGLVLFGA-VITGAVVA-AVMWRRKSSDRKGGSYSQAASSDSAQGSDVSLTACKV---------
HLA-A*02:06,MAVMAPRTLVLLLSGALALTQTWAGSHSMRYFYTSVSRPGRGEPRFIAVGYVDDTQFVRFDSDAASQRMEPRAPWIEQEGPEYWDGETRKVKAHSQTHRVDLGTLRGYYNQSEAGSHTVQRMYGCDVGSDWRFLRGYHQYAYDGKDYIALKEDLRSWTAADMAAQTTKHKWEAAHVAE-QLRAYLEGTCVEWLRRYLENGKETLQRTDAPKTHMTHHAVSDHEATLRCWALSFYPAEITLTWQRDGEDQTQDTELVETRPAGDGTFQKWAAVVVPSGQEQRYTCHVQHEGLPKPLTLRWE---PSSQPTIPIVGIIAGLVLFGA-VITGAVVA-AVMWRRKSSDRKGGSYSQAASSDSAQGSDVSLTACKV---------
HLA-A*02:01,MAVMAPRTLVLLLSGALALTQTWAGSHSMRYFFTSVSRPGRGEPRFIAVGYVDDTQFVRFDSDAASQRMEPRAPWIEQEGPEYWDGETRKVKAHSQTHRVDLGTLRGYYNQSEAGSHTVQRMYGCDVGSDWRFLRGYHQYAYDGKDYIALKEDLRSWTAADMAAQTTKHKWEAAHVAE-QLRAYLEGTCVEWLRRYLENGKETLQRTDAPKTHMTHHAVSDHEATLRCWALSFYPAEITLTWQRDGEDQTQDTELVETRPAGDGTFQKWAAVVVPSGQEQRYTCHVQHEGLPKPLTLRWE---PSSQPTIPIVGIIAGLVLFGA-VITGAVVA-AVMWRRKSSDRKGGSYSQAASSDSAQGSDVSLTACKV---------
HLA-A*02:16,MAVMAPRTLVLLLSGALALTQTWAGSHSMRYFFTSVSRPGRGEPRFIAVGYVDDTQFVRFDSDAASQRMEPRAPWIEQEGPEYWDGETRKVKAHSQTHRVDLGTLRGYYNQSEAGSHTVQRMYGCDVGSDWRFLRGYHQYAYDGKDYIALKEDLRSWTAADMAAQTTKHKWEAAHVAE-QLRAYLEGECVEWLRRYLENGKETLQRTDAPKTHMTHHAVSDHEATLRCWALSFYPAEITLTWQRDGEDQTQDTELVETRPAGDGTFQKWAAVVVPSGQEQRYTCHVQHEGLPKPLTLRWE---PSSQPTIPIVGIIAGLVLFGA-VITGAVVA-AVMWRRKSSDRKGGSYSQAASSDSAQGSDVSLTACKV---------
HLA-A*80:01,MAVMPPRTLLLLLSGALALTQTWAGSHSMRYFFTSVSRPGRGEPRFIAVGYVDDSQFVQFDSDAASQRMEPRAPWIEQEEPEYWDEETRNVKAHSQTNRANLGTLRGYYNQSEDGSHTIQIMYGCDVGSDGRFLRGYRQDAYDGKDYIALNEDLRSWTAADMAAQITKRKWEAARRAE-QLRAYLEGECVDGLRRYLENGKETLQRTDPPKTHMTHHPISDHEATLRCWALSFYPAEITLTWQRDGEDQTQDTELVETRPAGDGTFQKWAAVVVPSGKEKRYTCHVQHEGLPEPLTLRWE---PSSQPTIPIVGIIAGLVLLGA-VIAGAVVA-AVMWRKKSSVRKGGSYSQAASSDSAQGSDVSLTACKV---------
HLA-A*01:01,MAVMAPRTLLLLLSGALALTQTWAGSHSMRYFFTSVSRPGRGEPRFIAVGYVDDTQFVRFDSDAASQKMEPRAPWIEQEGPEYWDQETRNMKAHSQTDRANLGTLRGYYNQSEDGSHTIQIMYGCDVGPDGRFLRGYRQDAYDGKDYIALNEDLRSWTAADMAAQITKRKWEAVHAAE-QRRVYLEGRCVDGLRRYLENGKETLQRTDPPKTHMTHHPISDHEATLRCWALGFYPAEITLTWQRDGEDQTQDTELVETRPAGDGTFQKWAAVVVPSGEEQRYTCHVQHEGLPKPLTLRWE---LSSQPTIPIVGIIAGLVLLGA-VITGAVVA-AVMWRRKSSDRKGGSYTQAASSDSAQGSDVSLTACKV---------
HLA-A*30:01,MAVMAPRTLLLLLSGALALTQTWAGSHSMRYFSTSVSRPGSGEPRFIAVGYVDDTQFVRFDSDAASQRMEPRAPWIEQERPEYWDQETRNVKAQSQTDRVDLGTLRGYYNQSEAGSHTIQIMYGCDVGSDGRFLRGYEQHAYDGKDYIALNEDLRSWTAADMAAQITQRKWEAARWAE-QLRAYLEGTCVEWLRRYLENGKETLQRTDPPKTHMTHHPISDHEATLRCWALGFYPAEITLTWQRDGEDQTQDTELVETRPAGDGTFQKWAAVVVPSGEEQRYTCHVQHEGLPKPLTLRWE---LSSQPTIPIVGIIAGLVLLGA-VITGAVVA-AVMWRRKSSDRKGGSYTQAASSDSAQGSDVSLTACKV---------
HLA-A*30:04,MAVMAPRTLLLLLSGALALTQTWAGSHSMRYFSTSVSRPGSGEPRFIAVGYVDDTQFVRFDSDAASQRMEPRAPWIEQERPEYWDQETRNVKAHSQTDRENLGTLRGYYNQSEAGSHTIQIMYGCDVGSDGRFLRGYEQHAYDGKDYIALNEDLRSWTAADMAAQITQRKWEAAHVAE-QWRAYLEGTCVEWLRRYLENGKETLQRTDPPKTHMTHHPISDHEATLRCWALGFYPAEITLTWQRDGEDQTQDTELVETRPAGDGTFQKWAAVVVPSGEEQRYTCHVQHEGLPKPLTLRWE---LSSQPTIPIVGIIAGLVLLGA-VITGAVVA-AVMWRRKSSDRKGGSYTQAASSDSAQGSDVSLTACKV---------
HLA-A*30:02,MAVMAPRTLLLLLSGALALTQTWAGSHSMRYFSTSVSRPGSGEPRFIAVGYVDDTQFVRFDSDAASQRMEPRAPWIEQERPEYWDQETRNVKAHSQTDRENLGTLRGYYNQSEAGSHTIQIMYGCDVGSDGRFLRGYEQHAYDGKDYIALNEDLRSWTAADMAAQITQRKWEAARRAE-QLRAYLEGTCVEWLRRYLENGKETLQRTDPPKTHMTHHPISDHEATLRCWALGFYPAEITLTWQRDGEDQTQDTELVETRPAGDGTFQKWAAVVVPSGEEQRYTCHVQHEGLPKPLTLRWE---LSSQPTIPIVGIIAGLVLLGA-VITGAVVA-AVMWRRKSSDRKGGSYTQAASSDSAQGSDVSLTACKV---------
HLA-A*30:03,MAVMAPRTLLLLLSGALALTQTWAGSHSMRYFSTSVSRPGSGEPRFIAVGYVDDTQFVRFDSDAASQRMEPRAPWIEQEGPEYWDQETRNVKAHSQTDRENLGTLRGYYNQSEAGSHTIQIMYGCDVGSDGRFLRGYEQHAYDGKDYIALNEDLRSWTAADMAAQITQRKWEAARRAE-QLRAYLEGTCVEWLRRYLENGKETLQRTDPPKTHMTHHPISDHEATLRCWALGFYPAEITLTWQRDGEDQTQDTELVETRPAGDGTFQKWAAVVVPSGEEQRYTCHVQHEGLPKPLTLRWE---LSSQPTIPIVGIIAGLVLLGA-VITGAVVA-AVMWRRKSSDRKGGSYTQAASSDSAQGSDVSLTACKV---------
Patr-A*03:01,MAVMPPRTLLLLLSGALALTQTWAGSHSMRYFYTSVSRPGRGEPRFIAVGYVDDTQFVRFDSDAASQRMEPRAPWIEQEGPEYWDQETRNMKASAQTDRVDLGTLRGYYNQSEDGSHTIQIMYGCDVGSDGRFLRGYRQDAYDGKDYIALNEDLRSWTAAAMAAQITKRKWEAAHAAE-QLRAYLEGRCVEWLRRYLENGKETLQRTDPPKTHMTHHPISDHEATLRCWALGFYPAVITLTWQRDGEDQTQDTELVETRPAGDGTFQKWAAVVVPSGEEQRYTCHVQHEGLPKPLTLRWE---PSSQPTIPIVGIIAGLVLLGA-VITGAVVA-AVMWRRKSSDRKGGSYTQAASSDSAQGSDVSLTACKV---------
Patr-A*01:01,MAVMPPRTLLLLLSGALALTQTWAGSHSMRYFFTSVSRPGRGEPRFIAVGYVDDTQFVRFDSDAASQRMEPRAPWIEQEGPEYWDQETRSAKAHSQTDRVDLGTLRGYYNQSEDGSHTIQIMYGCDVGSDGRFLRGYRQDAYDGKDYIALNEDLRSWTAADMAAQITKRKWEAAHAAE-QQRAYLEGTCVEWLRRYLENGKETLQRTDPPKTHMTHHPISDHEATLRCWALGFYPAEITLTWQRDGEDQTQDTELVETRPAGDGTFQKWAAVVVPSGEEQRYTCHVQHEGLPKPLTLRWE---PSSQPTIPIVGIIAGLVLLGA-VITGAVVA-AVMWRRKSSDRKGGSYTQAASSDSAQGSDVSLTACKV---------
HLA-A*11:01,MAVMAPRTLLLLLSGALALTQTWAGSHSMRYFYTSVSRPGRGEPRFIAVGYVDDTQFVRFDSDAASQRMEPRAPWIEQEGPEYWDQETRNVKAQSQTDRVDLGTLRGYYNQSEDGSHTIQIMYGCDVGPDGRFLRGYRQDAYDGKDYIALNEDLRSWTAADMAAQITKRKWEAAHAAE-QQRAYLEGRCVEWLRRYLENGKETLQRTDPPKTHMTHHPISDHEATLRCWALGFYPAEITLTWQRDGEDQTQDTELVETRPAGDGTFQKWAAVVVPSGEEQRYTCHVQHEGLPKPLTLRWE---LSSQPTIPIVGIIAGLVLLGA-VITGAVVA-AVMWRRKSSDRKGGSYTQAASSDSAQGSDVSLTACKV---------
HLA-A*11:02,MAVMAPRTLLLLLSGALALTQTWAGSHSMRYFYTSVSRPGRGKPRFIAVGYVDDTQFVRFDSDAASQRMEPRAPWIEQEGPEYWDQETRNVKAQSQTDRVDLGTLRGYYNQSEDGSHTIQIMYGCDVGPDGRFLRGYRQDAYDGKDYIALNEDLRSWTAADMAAQITKRKWEAAHAAE-QQRAYLEGRCVEWLRRYLENGKETLQRTDPPKTHMTHHPISDHEATLRCWALGFYPAEITLTWQRDGEDQTQDTELVETRPAGDGTFQKWAAVVVPSGEEQRYTCHVQHEGLPKPLTLRWE---LSSQPTIPIVGIIAGLVLLGA-VITGAVVA-AVMWRRKSSDRKGGSYTQAASSDSAQGSDVSLTACKV---------
HLA-A*03:19,-------------------------SHSMRYFFTSVSRPGRGEPRFIAVGYVDDTQFVRFDSDAASQRMEPRAPWIEQEGPEYWDQETRNVKAQSQTDRVDLGTLRGYYNQSEAGSHTIQIMFGCDVGSDGRFLRGYHQYAYDGKDYIALNEDLRSWTAADMAAQITKRKWEAAHEAE-QLRAYLDGTCVEWLRRYLENGKETLQRT-----------------------------------------------------------------------------------------------------------------------------------------------------------------------------
HLA-A*03:01,MAVMAPRTLLLLLSGALALTQTWAGSHSMRYFFTSVSRPGRGEPRFIAVGYVDDTQFVRFDSDAASQRMEPRAPWIEQEGPEYWDQETRNVKAQSQTDRVDLGTLRGYYNQSEAGSHTIQIMYGCDVGSDGRFLRGYRQDAYDGKDYIALNEDLRSWTAADMAAQITKRKWEAAHEAE-QLRAYLDGTCVEWLRRYLENGKETLQRTDPPKTHMTHHPISDHEATLRCWALGFYPAEITLTWQRDGEDQTQDTELVETRPAGDGTFQKWAAVVVPSGEEQRYTCHVQHEGLPKPLTLRWE---LSSQPTIPIVGIIAGLVLLGA-VITGAVVA-AVMWRRKSSDRKGGSYTQAASSDSAQGSDVSLTACKV---------
HLA-A*03:02,MAVMAPRTLLLLLSGALALTQTWAGSHSMRYFFTSVSRPGRGEPRFIAVGYVDDTQFVRFDSDAASQRMEPRAPWIEQEGPEYWDQETRNVKAQSQTDRVDLGTLRGYYNQSEAGSHTIQIMYGCDVGSDGRFLRGYRQDAYDGKDYIALNEDLRSWTAADMAAQITKRKWEAAHVAE-QQRAYLDGTCVEWLRRYLENGKETLQRTDPPKTHMTHHPISDHEATLRCWALGFYPAEITLTWQRDGEDQTQDTELVETRPAGDGTFQKWAAVVVPSGEEQRYTCHVQHEGLPKPLTLRWE---LSSQPTIPIVGIIAGLVLLGA-VITGAVVA-AVMWRRKSSDRKGGSYTQAASSDSAQGSDVSLTACKV---------
Patr-A*07:01,MAVMAPRTLVLLLSGALALTQTWAGSHSMRYFSTSVSRPGRGEPRFIAVGYVDDTQFVRFDSDAASQRMEPRAPWIEQEGPEYWDRETRSVKAGAQIYRANLGTLRGYYNQSEDGSHTIQLMFGCDVGSDGRFLRGYEQLAYDGKDYIALNEDLRSWTAADMAAQITQRKWEAVHAAE-QQRAYLEGRCVESLRRYLENGKETLQRTDPPKTHMTHHPISDREATLRCWALGFYPAEITLTWQRDGEDQTQDTELVETRPAGDGTFQKWAAVVVPSGEEQRYTCHVQHEGLPKPLTLRWE---PSSQPTIPIVGIIAGLVLLGA-VITGAVVA-AVMWRRKSSDRKGGSYSQAASSDSAQGSDVSLTACKV---------
Patr-A*06:02,MAVMAPRTLVLLLSGALALTQTWAGSHSMRYFSTSVSRPGRGEPRFIAVGYVDDTQFVRFDSDAASQRMEPRAPWIEQEGPEYWDQETRSVKAFAQTDRANLGTLRGYYNQSEDGSHTIQIMYGCDVGSDGRFLRGYRQDAYDGKDYIALNEDLRSWTAADMAAQITQRKWEAAHAAE-QWRAYLEGTCVDGLRRYLENGKETLQRTDPPKTHMTHHPISDREATLRCCALGFYPAEITLTWQRDGEDQTQDTELVETRPAGDGTFQKWAAVVVPSGEEQRYTCHVQHEGLPKPLTLRWE---PSSQPTIPIVGIIAGLVLLGA-VITGAVVA-AVMWRRKSSDRKGGSYSQAASSDSAQGSDVSLTACKV---------
Patr-A*06:01,MAVMAPRTLVLLLSGALALTQTWAGSHSMRYFSTSVSRPGRGEPRFIAVGYVDDTQFVRFDSDAASQRMEPRAPWIEQEGPEYWDQETRSVKASAQTDRANLGTLRGYYNQSEDGSHTIQIMYGCDVGSDGRFLRGYRQDAYDGKDYIALNEDLRSWTAADMAAQITQRKWEAAHAAE-QWRAYLEGTCVDGLRRYLENGKETLQRTDPPKTHMTHHPISDREATLRCCALGFYPAEITLTWQRDGEDQTQDTELVETRPAGDGTFQKWAAVVVPSGEEQRYTCHVQHEGLPKPLTLRWE---PSSQPTIPIVGIIAGLVLLGA-VITGAVVA-AVMWRRKSSDRKGGSYSQAASSDSAQGSDVSLTACKV---------
Patr-A*09:01,MAVIAPRTLVLLLSGALALTQTWAGSHSMRYFSTSVSRPGRGEPRFIAVGYVDDTQFVRFDSDAASQRMEPRAPWIEQEGPEYWDEETRSVKASAQTDRVDLGTLRGYYNQSEDGSHTIQIMYGCDVGSDGRFLRGYRQYAYDGKDYIALNEDLRSWTAADMAAQITQRKWEAAHAAE-RLRAYLEGTCVEWLRRYLENGKETLQRTDPPKTHMTHHPISDREATLRCWALGFYPAEITLTWQRDGEDQTQDTELVETRPAGDGTFQKWAAVVVPSGEEQRYTCHVQHEGLPKPLTLRWE---PSSQPTIPIVGIIAGLVLLGA-VITGAVVA-AVMWRRKSSDRKGGSYSQAASSDSAQGSDVSLTACKV---------
Patr-A*04:01,MAVMAPRTLVLLLSGALALTQTWAGSHSMRYFSTSVSRPGRGEPRFIAVGYVDDTQFVRFDSDAASQRMEPRAPWIEQEGPEYWDEETRSVKASAQTDRVDLGTLRGYYNQSEDGSHTIQLMFGCDVGSDGRFLRGYRQDAYDGKDYIALNEDLRSWTAADMAAQITQRKWEAAHAAE-QLRAYLEGTCVEWLRRYLENGKETLQRTDPPKTHMTHHPISDREATLRCWALGFYPAEITLTWQRDGEDQTQDTELVETRPAGDGTFQKWAAVVVPSGEEQRYTCHVQHEGLPKPLTLRWE---PSSQPTIPIVGIIAGLVLLGA-VITGAVVA-AVMWRRKSSDRKGGSYSQAASSDSAQGSDVSLTACKV---------
Patr-A*05:01,MAVMAPRTLVLLLSGALALTQTWAGSHSMRYFSTSVSRPGRGEPRFIAVGYVDDTQFVRFDSDAASQRMEPRAPWIEQEGPEYWDEETRSVKAFAQTDRVDLGTLRGYYNQSEDGSHTIQLMFGCDVGSDGRFLRGYRQDAYDGKDYIALNEDLRSWTAADMAAQITQRKWEAAHAAE-QWRAYLEGTCVDGLRRYLENGKETLQRTDPPKTHMTHHPISDREATLRCWALGFYPAEITLTWQRDGEDQTQDTELVETRPAGDGTFQKWAAVVVPSGEEQRYTCHVQHEGLPKPLTLRWE---PSSQPTIPIVGIIAGLVLLGA-VITGAVVA-AVMWRRKSSDRKGGSYSQAASSDSAQGSDVSLTACKV---------
HLA-C*07:02,MRVMAPRALLLLLSGGLALTETWACSHSMRYFDTAVSRPGRGEPRFISVGYVDDTQFVRFDSDAASPRGEPRAPWVEQEGPEYWDRETQKYKRQAQADRVSLRNLRGYYNQSEDGSHTLQRMSGCDLGPDGRLLRGYDQSAYDGKDYIALNEDLRSWTAADTAAQITQRKLEAARAAE-QLRAYLEGTCVEWLRRYLENGKETLQRAEPPKTHVTHHPLSDHEATLRCWALGFYPAEITLTWQRDGEDQTQDTELVETRPAGDGTFQKWAAVVVPSGQEQRYTCHMQHEGLQEPLTLSWE---PSSQPTIPIMGIVAGLAVLVVLAVLGAVVT-AMMCRRKSSGGKGGSCSQAACSNSAQGSDESLITCKA---------
HLA-C*07:01,MRVMAPRALLLLLSGGLALTETWACSHSMRYFDTAVSRPGRGEPRFISVGYVDDTQFVRFDSDAASPRGEPRAPWVEQEGPEYWDRETQNYKRQAQADRVSLRNLRGYYNQSEDGSHTLQRMYGCDLGPDGRLLRGYDQSAYDGKDYIALNEDLRSWTAADTAAQITQRKLEAARAAE-QLRAYLEGTCVEWLRRYLENGKETLQRAEPPKTHVTHHPLSDHEATLRCWALGFYPAEITLTWQRDGEDQTQDTELVETRPAGDGTFQKWAAVVVPSGQEQRYTCHMQHEGLQEPLTLSWE---PSSQPTIPIMGIVAGLAVLVVLAVLGAVVT-AMMCRRKSSGGKGGSCSQAACSNSAQGSDESLITCKA---------
HLA-C*03:04,MRVMAPRTLILLLSGALALTETWAGSHSMRYFYTAVSRPGRGEPHFIAVGYVDDTQFVRFDSDAASPRGEPRAPWVEQEGPEYWDRETQKYKRQAQTDRVSLRNLRGYYNQSEAGSHIIQRMYGCDVGPDGRLLRGYDQYAYDGKDYIALNEDLRSWTAADTAAQITQRKWEAAREAE-QLRAYLEGLCVEWLRRYLKNGKETLQRAEHPKTHVTHHPVSDHEATLRCWALGFYPAEITLTWQWDGEDQTQDTELVETRPAGDGTFQKWAAVVVPSGEEQRYTCHVQHEGLPEPLTLRWE---PSSQPTIPIVGIVAGLAVLAVLAVLGAVVA-VVMCRRKSSGGKGGSCSQAASSNSAQGSDESLIACKA---------
HLA-C*03:03,MRVMAPRTLILLLSGALALTETWAGSHSMRYFYTAVSRPGRGEPHFIAVGYVDDTQFVRFDSDAASPRGEPRAPWVEQEGPEYWDRETQKYKRQAQTDRVSLRNLRGYYNQSEARSHIIQRMYGCDVGPDGRLLRGYDQYAYDGKDYIALNEDLRSWTAADTAAQITQRKWEAAREAE-QLRAYLEGLCVEWLRRYLKNGKETLQRAEHPKTHVTHHPVSDHEATLRCWALGFYPAEITLTWQWDGEDQTQDTELVETRPAGDGTFQKWAAVVVPSGEEQRYTCHVQHEGLPEPLTLRWE---PSSQPTIPIVGIVAGLAVLAVLAVLGAVVA-VVMCRRKSSGGKGGSCSQAASSNSAQGSDESLIACKA---------
HLA-C*04:01,MRVMAPRTLILLLSGALALTETWAGSHSMRYFSTSVSWPGRGEPRFIAVGYVDDTQFVRFDSDAASPRGEPREPWVEQEGPEYWDRETQKYKRQAQADRVNLRKLRGYYNQSEDGSHTLQRMFGCDLGPDGRLLRGYNQFAYDGKDYIALNEDLRSWTAADTAAQITQRKWEAAREAE-QRRAYLEGTCVEWLRRYLENGKETLQRAEHPKTHVTHHPVSDHEATLRCWALGFYPAEITLTWQWDGEDQTQDTELVETRPAGDGTFQKWAAVVVPSGEEQRYTCHVQHEGLPEPLTLRWK---PSSQPTIPIVGIVAGLAVLAVLAVLGAMVA-VVMCRRKSSGGKGGSCSQAASSNSAQGSDESLIACKA---------
HLA-C*15:02,MRVMAPRTLLLLLSGALALTETWACSHSMRYFYTAVSRPGRGEPHFIAVGYVDDTQFVRFDSDAASPRGEPRAPWVEQEGPEYWDRETQNYKRQAQTDRVNLRKLRGYYNQSEAGSHIIQRMYGCDLGPDGRLLRGHDQLAYDGKDYIALNEDLRSWTAADTAAQITQRKWEAAREAE-QLRAYLEGTCVEWLRRYLENGKETLQRAEHPKTHVTHHPVSDHEATLRCWALGFYPAEITLTWQRDGEDQTQDTELVETRPAGDGTFQKWAAVVVPSGEEQRYTCHVQHEGLPEPLTLRWE---PSSQPTIPIVGIVAGLAVLAVLAVLGAVMA-VVMCRRKSSGGKGGSCSQAASSNSAQGSDESLIACKA---------
HLA-C*08:01,MRVMAPRTLILLLSGALALTETWACSHSMRYFYTAVSRPGRGEPRFIAVGYVDDTQFVQFDSDAASPRGEPRAPWVEQEGPEYWDRETQKYKRQAQTDRVSLRNLRGYYNQSEAGSHTLQRMYGCDLGPDGRLLRGYNQFAYDGKDYIALNEDLRSWTAADTAAQITQRKWEAARTAE-QLRAYLEGTCVEWLRRYLENGKKTLQRAEHPKTHVTHHPVSDHEATLRCWALGFYPAEITLTWQRDGEDQTQDTELVETRPAGDGTFQKWAAVVVPSGEEQRYTCHVQHEGLPEPLTLRWG---PSSQPTIPIVGIVAGLAVLAVLAVLGAVMA-VVMCRRKSSGGKGGSCSQAASSNSAQGSDESLIACKA---------
HLA-C*08:03,MRVMAPRTLILLLSGALALTETWACSHSMRYFYTAVSRPGRGEPRFIAVGYVDDTQFVQFDSDAASPRGEPRAPWVEQEGPEYWDRETQKYKRQAQTDRVSLRNLRGYYNQSEAGSHTLQRMYGCDLGPDGRLLRGYNQFAYDGKDYIALNEDLRSWTAADTAAQITQRKWEAARTAE-QLRAYLEGTCVEWLRRYLENRKKTLQRAEHPKTHVTHHPVSDHEATLRCWALGFYPAEITLTWQRDGEDQTQDTELVETRPAGDGTFQKWAAVVVPSGEEQRYTCHVQHEGLPEPLTLRWG---PSSQPTIPIVGIVAGLAVLAVLAVLGAVMA-VVMCRRKSSGGKGGSCSQAASSNSAQGSDESLIACKA---------
HLA-C*08:02,MRVMAPRTLILLLSGALALTETWACSHSMRYFYTAVSRPGRGEPRFIAVGYVDDTQFVQFDSDAASPRGEPRAPWVEQEGPEYWDRETQKYKRQAQTDRVSLRNLRGYYNQSEAGSHTLQRMYGCDLGPDGRLLRGYNQFAYDGKDYIALNEDLRSWTAADKAAQITQRKWEAAREAE-QRRAYLEGTCVEWLRRYLENGKKTLQRAEHPKTHVTHHPVSDHEATLRCWALGFYPAEITLTWQRDGEDQTQDTELVETRPAGDGTFQKWAAVVVPSGEEQRYTCHVQHEGLPEPLTLRWG---PSSQPTIPIVGIVAGLAVLAVLAVLGAVMA-VVMCRRKSSGGKGGSCSQAASSNSAQGSDESLIACKA---------
HLA-C*05:01,MRVMAPRTLILLLSGALALTETWACSHSMRYFYTAVSRPGRGEPRFIAVGYVDDTQFVQFDSDAASPRGEPRAPWVEQEGPEYWDRETQKYKRQAQTDRVNLRKLRGYYNQSEAGSHTLQRMYGCDLGPDGRLLRGYNQFAYDGKDYIALNEDLRSWTAADKAAQITQRKWEAAREAE-QRRAYLEGTCVEWLRRYLENGKKTLQRAEHPKTHVTHHPVSDHEATLRCWALGFYPAEITLTWQRDGEDQTQDTELVETRPAGDGTFQKWAAVVVPSGEEQRYTCHVQHEGLPEPLTLRWG---PSSQPTIPIVGIVAGLAVLAVLAVLGAVMA-VVMCRRKSSGGKGGSCSQAASSNSAQGSDESLIACKA---------
HLA-C*06:02,MRVMAPRTLILLLSGALALTETWACSHSMRYFDTAVSRPGRGEPRFISVGYVDDTQFVRFDSDAASPRGEPRAPWVEQEGPEYWDRETQKYKRQAQADRVNLRKLRGYYNQSEDGSHTLQWMYGCDLGPDGRLLRGYDQSAYDGKDYIALNEDLRSWTAADTAAQITQRKWEAAREAE-QWRAYLEGTCVEWLRRYLENGKETLQRAEHPKTHVTHHPVSDHEATLRCWALGFYPAEITLTWQRDGEDQTQDTELVETRPAGDGTFQKWAAVVVPSGEEQRYTCHVQHEGLPEPLTLRWE---PSSQPTIPIVGIVAGLAVLAVLAVLGAVMA-VVMCRRKSSGGKGGSCSQAASSNSAQGSDESLIACKA---------
HLA-C*12:02,MRVMAPRTLILLLSGALALTETWACSHSMRYFYTAVSRPGRGEPRFIAVGYVDDTQFVRFDSDAASPRGEPRAPWVEQEGPEYWDRETQKYKRQAQADRVSLRNLRGYYNQSEAGSHTLQRMYGCDLGPDGRLLRGYDQSAYDGKDYIALNEDLRSWTAADTAAQITQRKWEAAREAE-QWRAYLEGTCVEWLRRYLENGKETLQRAEHPKTHVTHHPVSDHEATLRCWALGFYPAEITLTWQRDGEDQTQDTELVETRPAGDGTFQKWAAVVVPSGEEQRYTCHVQHEGLPEPLTLRWE---PSSQPTIPIVGIVAGLAVLAVLAVLGAVMA-VVMCRRKSSGGKGGSCSQAASSNSAQGSDESLIACKA---------
HLA-C*12:03,MRVMAPRTLILLLSGALALTETWACSHSMRYFYTAVSRPGRGEPRFIAVGYVDDTQFVRFDSDAASPRGEPRAPWVEQEGPEYWDRETQKYKRQAQADRVSLRNLRGYYNQSEAGSHTLQWMYGCDLGPDGRLLRGYDQSAYDGKDYIALNEDLRSWTAADTAAQITQRKWEAAREAE-QWRAYLEGTCVEWLRRYLENGKETLQRAEHPKTHVTHHPVSDHEATLRCWALGFYPAEITLTWQRDGEDQTQDTELVETRPAGDGTFQKWAAVVVPSGEEQRYTCHVQHEGLPEPLTLRWE---PSSQPTIPIVGIVAGLAVLAVLAVLGAVMA-VVMCRRKSSGGKGGSCSQAASSNSAQGSDESLIACKA---------
HLA-C*14:02,MRVMAPRTLILLLSGALALTETWACSHSMRYFSTSVSRPGRGEPRFIAVGYVDDTQFVRFDSDAASPRGEPRAPWVEQEGPEYWDRETQKYKRQAQTDRVSLRNLRGYYNQSEAGSHTLQWMFGCDLGPDGRLLRGYDQSAYDGKDYIALNEDLRSWTAADTAAQITQRKWEAAREAE-QRRAYLEGTCVEWLRRYLENGKETLQRAEHPKTHVTHHPVSDHEATLRCWALGFYPAEITLTWQWDGEDQTQDTELVETRPAGDGTFQKWAAVVVPSGEEQRYTCHVQHEGLPEPLTLRWE---PSSQPTIPIVGIVAGLAVLAVLAVLGAVVA-VVMCRRKSSGGKGGSCSQAASSNSAQGSDESLIACKA---------
HLA-C*01:02,MRVMAPRTLILLLSGALALTETWACSHSMKYFFTSVSRPGRGEPRFISVGYVDDTQFVRFDSDAASPRGEPRAPWVEQEGPEYWDRETQKYKRQAQTDRVSLRNLRGYYNQSEAGSHTLQWMCGCDLGPDGRLLRGYDQYAYDGKDYIALNEDLRSWTAADTAAQITQRKWEAAREAE-QRRAYLEGTCVEWLRRYLENGKETLQRAEHPKTHVTHHPVSDHEATLRCWALGFYPAEITLTWQWDGEDQTQDTELVETRPAGDGTFQKWAAVMVPSGEEQRYTCHVQHEGLPEPLTLRWE---PSSQPTIPIVGIVAGLAVLAVLAVLGAVVA-VVMCRRKSSGGKGGSCSQAASSNSAQGSDESLIACKA---------
HLA-B*08:03,-------------------------SHSMRYFDTAMSRPGRGEPRFISVGYVDDTQFVRFDSDAASPREEPRAPWIEQEGPEYWDRNTQIFKTNTQTYRENLRIALRYYNQSEAGSHTLQSMYGCDVGPDGRLLRGHNQYAYDGKDYIALNEDLRSWTAADTAAQITQRKWEAARVAE-QDRAYLEGTCVEWLRRYLENGKDTLERA-----------------------------------------------------------------------------------------------------------------------------------------------------------------------------
HLA-B*73:01,MLVMAPRTVLLLLSAALALTETWAGSHSMRYFHTSVSRPGRGEPRFITVGYVDDTQFVRFDSDAASPREEPRAPWIEQEGPEYWDRNTQICKAKAQTDRVGLRNLRGYYNQSEDGSHTWQTMYGCDMGPDGRLLRGYNQFAYDGKDYIALNEDLRSWTAADTAAQITQRKWEAARVAE-QLRAYLEGECVEWLRRHLENGKETLQRADPPKTHVTHHPISDHEATLRCWALGFYPAEITLTWQRDGEDQTQDTELVETRPAGDGTFQKWAAVVVPSGQEQRYTCHVQHEGLQEPCTLRWK---PSSQSTIPIVGIVAGLAVLVVTVAVVAVVA-AVMCRRKSSGGKGGSYSQAASSDSAQGSDVSLTA------------
HLA-B*07:01,-------------------------SHSMRYFYTSVSRPGRGEPRFISVGYVDDTQFVRFDSDAASPREEPRAPWIEQEGPEYWDRNTQIYKAQAQTDRESLRNLRGYX-------------------------------------------------------------------------------------------------------------------------------------------------------------------------------------------------------------------------------------------------------------------------------
HLA-B*45:06,-------------------------SHSMRYFHTAMSRPGRGEPRFITVGYVDDTLFVRFDSDATSPRKEPRAPWIEQEGPEYWDRETQIYKAQAQTDRESLRNLRGYYNQSEAGSHTWQRMYGCDLGPDGRLLRGYNQLAYDGKDYIALNEDLSSWTAADTAAQITQRKWEAARVAE-QDRAYLEGLCVESLRRYLENGKETLQRA-----------------------------------------------------------------------------------------------------------------------------------------------------------------------------
HLA-B*44:01,-------------------------SHSMRYFYTAMSRPGRGEPRFITVGYVDDTLFVRFDSDATSPRKEPRAPWIEQEGPEYWDRETQISKTNTQTYRENLRTALRYYNQSEAGSHIIQRMYGCDVGPDGRLLRGYDQDAYDGKDYIALNEDLSSWTAADTAAQITQRKWEAARVAE-QLRAYLEGLCVESLRRYLENGKETLX-------------------------------------------------------------------------------------------------------------------------------------------------------------------------------
Mamu-B*17:01,-------------------------SHSLRYFSTAVSRPGRGEPWYLEVGYVDDTQFVRFDSDAASPRMEPRAPWMEQEGPEYWDRNTRNAKVNAETFRGDLRNLLRYYNQSEAGSHTFQWMYGCDLGPDGRLLRGYRQFAYDGRDYIALNEDLRSWTAADTTAQITQRKWEAVRAAE-KLRAYLEGECLEWLRRYLENGKETLQHADPPKTHVAHHPVSDHEATLRCWALGFYPAEITLTWQRDGEEQTQDTELVETRPAGDGTFQKWAAVVVPSGEEQRYTCHVQHKGLLEPLTLRW---------------------------------------------------------------------------------
Mamu-A*07:01,MAVMAPRTLLLVLSGVLALTQTWAGSHSMRYFYTSMSRPGRGQPRFFAVGYVDDTQFVRFDSDAESPRMEPRAPWVEQEGPEYWDRETRIMKTATQTYRGNLRTALRYYNQSEAGSHTFQKMYGCDLGPDGRLLRGYEQFAYDGRDYIALNEDLRSWTAADMAAQNTQRKWEAAGAAE-QHRTYLEGECLEWLRRYLENGKEKLQRADPPKTHVTHHPVSDHEATLRCWALGFYPAEITLTWQRDGEDQTQDTELVETRPAGDGTFQKWAAVVVPSGKEQRYTCHVQHEGLPEPLTLRWE---PSSQSTIPIVGIIAGLVLLGA-VVTGAVVA-TVMWKRKSSDRKGGSYSQAASSDSAQGSDVSLTACKV---------
Mamu-B*65:02,MRVMAPRTLLLLLSGALALTETRAGSHSLRYFSTSVSRPGRREPWHLEVGYVDDTQFVRFDSDAESPRMEPRAPWAEQEGPEYWEEQTRRAKGHAQTERGNLRTALRYYNQSEGGSHTLQWMYGCDLGPDGRLLRGYDQLAYDGKDYIALNEDLRSWTAADMTARFTQRKWEAAREAE-QWRAYLEGECLEWLSRYLENGKETLQRADPPKTYVTHHPVSDHEATLRCWALGFYPAEITLTWQRDGEDQTQDTELVETRPGGDGTFQKWGAVVVPSGEEQRYTCHVQHEGLPEPLTLRWE---PPSQSTIPIVGIVAGLAVLAV-VVTGAVVA-AVMWRRKSSGGKGGSYFQAASKDSPQGSDESLMA------------
Mamu-B*52:01,MRVMAPGSLLLLLSGALALTETRASSHSMRYFSTAVSRPDRREPWYLEVGYVDDTHFVRFDSDVESPRMEPRAPWIEQEGPEYWEEETRRAKGNAQTFRVNLGTALRYYNQSQGGSHTIQGMYGCDLGPDGRLLRGYHQHAYDGKDYIALNEDLNSWTAADVAAQNTQRKWEAAGVAE-KLRAYLEGRCLEWLRRYLENGKETLQRADPPKTHVTHHPVSDHEATLRCWALGFYPAEITLTWQRDGEEQTQDTELVETRPGGDGTFQKWAAVVVPSGEEQRYTCHVQHQGLPEPLTLRWE---PSSQSTIPIVGIVAGLAVLAV--VTGAVVA-AVMWRRKSSGGKGGSYSQAASNDSAQGSDVSLTA------------
Mamu-B*17:04,-------TLLLLLSGALALTETWAGSHSMKYFYTSVSRPGRGEPRFISVGYVDDTQFVRFDSDAESPREESRAPWVEQEGPEYWEEATRRAKEAAQTHRENLRTALRYYNQSEAGSHTIQKMYGCDLGPDGRLLRGYHQSAYDGKDYIALNGDLRSWTAADMAAQNTQRKWEGNRYAE-RFRAYLEGECLEWLRRYLENGKETLQRADPPKTHVTHHPVSDHEATLRCWALGFYPAEITLTWQRDGEEQTQDTEFVETRPGGDGTFQKWGAVVVPSGEEQRYTCHVQHEGLPEPLTLRWE---PSSQSTIPIVGIVAGLAVLAV-VFTGAVVA-AVMWRRKSSGGKGGSYSQAASSDSAQG-------------------
Mamu-B*39:01,MRDMAPRTLLLLLSGALALTETWAGSHSMRYFTTAMSRPDRREPWHLEVGYVDDTQFVRFDSDVESPRLEPRAPWMEQEGPEYWEEETRRAKETAQTFRVSLRTALRYYNQSDGGSHTIQWMYGCDLGPEGRLLRGYDQYAYDGKDYIALSEDLRSWTAADMAAQNTQRKWEEAREAE-RMRAYLEGRCLEWLRRYLENGKETLQRADLPKTHVTHHPISDHEATLRCWALGFYPAEITLTWQRDGEDQTQDTELVETRPAGDGTFQKWAAVVVPSGEEQRYTCHVQHKGLPEPLTLRWE---PSSESTIPIMGIVAGLAVLAV-VVTGAVVA-AVMWRRKSSGGKGGSYSQAASSDSAQGSDVSLTA------------
Mamu-B*10:01,MRVMAPRTLLLLLSGALALTETWAGSHSMRYFTTVMSRPDRREAWYLEVGYVDDTQFVRFDSDVESPRMEPRAPWVEQEGPEYWEEQTRNSKANAQTHRVDLRTALRYYNQSEGGSHTLQTMYGCDLGPDGRLLRGYHQYAYDGKDYIALNQDLRSWTAADMAAQNTQRKWEAAGEAE-QRRAYLEGRCVEWLRRYLENGKETLQREDPPKTHVTHHPVSDHEATLRCWALGFYPAEITLTWQRDGEEQTQDTELVETRPAGDGTFQKWGAVVVPSGEEHRYTCHVQHEGLPEPLTLRWE---PSSQSTIPIVGIVVGLAVLAV-VVTGAVVA-AVMWRRKSSGGKGGSYSQAASSDSAQGSDVSLTA------------
Mamu-B*04:01,MRVMAPRTFLLLLSGALALTETWAGSHSMRYFSAAVSRPGRGEPRYLEVGYVDDTQFVRFDSDAASPRMEPRAPWVEQEGPEYWEEETRRAKGNAQTFRVGLGNLRGYYNQSEAGSHTYQWMYGCDVGPDGRLLRGYDQFAYDGKDYIALNQDLRSWTAADVAAQNTQRKWEAAGEAE-QQRAYLEGTCVEWLRRYLENGKETLQRAKRPKTDVTHHPVSDHEATLRCWALGFYPAEITLTWQRDGEDQTQDTELVETRPGGDGTFQKWGAVVVPSGEEQRYTCHVQHQGLPEPLTLRWE---PSSQSTIPIVGIV-GLAVLAV-VVTGAVVA-AVMWRRKSSGGKGGSYSQAASSDSAQGSDVSLTA------------
Mamu-B*01:01,MQFMAPRTLLLLLSGALALTQTWAGSHSMRYFHTAVSRPGRGEPRFISVGYVDDTQFVRFDSDAESRRMEPRAPWIEQEGPEYWDRETRKAKGNAQTDRENLRIALSYYNQSETGSHTLQMMHGCDLGPDGRLLRGYYQRAYDGKDYIALNEDLHSWTAADLAAQNTQRKWEAAGVAE-QRRAYLEGRCVEWLRRYLEKGKETLQRADPPKTHVTHHPVSDHETILRCWALGFYPAEITLTWQRDGEDQTQDTELVETRPGGDGTFQKWGAVVVPSGEEQRYTCHVQHEGLPEPLTLRWE---PSSQSTIPIVGIVAGLAVLAV-VVTGAVVA-AVMWRRKSSGGKGGSYSQAASSDSAQGSDVSLTA------------
Mamu-B*87:01,MRVMAPRTLLLLLSGALALTKTWAGSHSMRYFSTALSRPGRGEPRFIAVGYVDDTQFVRFDSDAESPRMEPRAPWIEQEGPEYWEEETRKAKGHAQTDRENLRTLLRYYNQSEAGSHTLQRMSGCDLGPDGRLLRGYYQRAYDGKDYIALNEDLHSWTAADLAAQNTQRKWEAAGAAE-QRRAYLEGRCVEWLRRYLENGKETLQRADPPKTHVTHHPVSDHETILRCWALGFYPAEITLTWQRDGEEQTQDTELVETRPGGDGTFQKWGAVVVPSGEEQRYTCHVQHKGLPEPLTLRWE---PSSQSTIPIVGIVVGLAVLAV-VVTGAVVA-AVMWRRKSSGGKGGSYSQAASSDSAQGSDVSLTA------------
Mamu-B*83:01,MRVMAPRILLLLLSGTLSLTETWAGSHSLRYFSTTVSRPGRREPWYLEVGYVDDTQFVRFDSDAESPRMEPRAPWIEQEGPEYWEEQTRNSKARAQTDRVDLGTLRGYYNQSEGGSHTIQTMYGCDLGPDGRLLRGYRQDAYDGKDYIALNEDLRSWTAADIAAQNTQRKWEAAGAAE-RQRAYLEGRCVESLRRYLENGKETLQHADPPKTHVTHHPVSDHEATLRCWALGFYPAEITLTWQRDGEDQTQDIEFVETRPGGDGTFQKWGAVVVPSGEEQRYTCHVQHEGLPEPLTLRWE---PSSQSTIPIVGIVVGLAVLAV-VVTGAVVT-AVMWRRKSSGGKGGSYSQAASNDSAQGSDVSLTA------------
Mamu-B*66:01,MRVVAPRTLLLLLSGALALTETWAGSHSMRYFSTAVSRPGRGEPRFIYVGYVDYTQFVRFDSDAESPRMEPRARWIEQEGPEYWKEETRKAKARAQTDRVDLGTLRGYYNQSERGSHTIQIMYGCDLGPDGRLLRGYRQDAYDGKDYIALNEDLRSWTAADMAAQNTQRKWEAAGVAE-QWRAYLEGTCVEWLRRYLENGKETLQRADPPKTHVTHHPVSDHETTLRCWALGFYPAEITLTWQRDGEDQTQDTELVETRPGGDGTFQKWGAVVVPSGEEHRYTCHVQHEGLPEPLTLRWE---PSSQSTIPIVGIVAGLAVLAV-VVTGAVVA-AVMWRRKSSGGKGGSYSQAASNDSAQGSDVSLTA------------
Mamu-B*03:01,MRVMAPRTFLLLLSGALALTETWAGSHSMRYFSTSVSRPGRGEPRFISVGYVDDTQFVRFDSDAESPREEPRAPWMEQEGPEYWEEETRNAKGHAQTDRADLGNLRGYYNQSEAGSHTLQTMYGCDLGPDGRLLRGYHQYAYDGKDYFALNEDLRSWTAADVAAQITQRKWEAAREAE-QVRAYLEGTCVEWLRRYLENGKETLQRADPPKTHVTHHPISDHEATLRCWALGFYPAEITLTWQRDGEEQTQDTELVETRPGGDGTFQKWGAVVVPSGEEHRYTCHVQHEGLPEPLTLRWE---PSSQSTIPIVGIVAGLAVLAV-VVTGAVVA-AVMWRRKSSGGKGGSYSQAASNDSAQGSDVSLTA------------
Mamu-B*08:01,MRVMAPRTFLLLLSGALALTETWAGSHSMRYFSTSVSRPGRGEPRFISVGYVDDTQFVRFDSDAESPREEPRAPWMEQEGPEYWEEETRRAKGHAQTDRADLGTLRGYYNQSEAGSHTLQTMYGCDLGPDGRLLRGYHQYAYDGKDYFALNEDLRSWTAADVAAQITQRKWEAAREAE-QVRAYLEGTCVEWLRRYLENGKETLQRADPPKTHVTHHPVSDHEATLRCWALGFYPAEITLTWQRDGEDQTQDTELVETRPGGDGTFQKWGAVVVPSGEEQRYTCHVQHEGLPEPLTLRWE---PSSQSTIPIVGIVAGLAVLGA-VFIGAVVA-AVMWRRKSSGGKGGSYSQAASNDSAQGSDVSLTA------------
Patr-B*17:01,MMVIAPRTVLLLLSAALALTETWAGSHSMKYFYTSVSRPGRGEPRFISVGYVDDTQFVRFDSDAASPRVEPRAPWMEQEGPEYCDRETQIFKTNTQTDRVSLGNLGGYYNQSEAGSHTLQTMYGCDMGPDGRLLRGYYQYAYDGKDYLALNEDLRSWTAADTPAQISQRKFEAAGAAE-QLRAYLEGTCVEWLRRYLENGKEMLQRADPPKTHVTHHPISDHEVTLRCWALGFYPAEITLTWQRDGEDQTQDTELVETRPAGDRTFQKWAAVVVPSGEEQRYTCHVQHEGLPKPLTLRWE---PSSQSTVPIVGIVAGLAVLAVVV-IGAVVA-AVMCRRKSSGGKGGSYSQAASSDSAQGSDVSLTA------------
Patr-B*24:01,MQVTAPRTVLLLLSAALALTETWAGSHSMKYFYTAVSRPGRGEPRFITVGYVDDTQFVWFDSDAASPRKEPRTPWIEQEGPEYWDRETQISKTNAQTDRENLRTLLRYYNQSEAGSHTWQTMFGCDVGPDGRLLRGYRQFAYDGKDYIALNEDLSSWTAADTAAQITQRKWEAARVAE-QRRAYLEGTCVEWLRRYLENGKETLQRADPPKTHVTHHPISDHEATLRCWALGFYPAEITLTWQRDGEDQTQDTELVETRPAGDRTFQKWAAVVVPSGQEQRYTCHVQHEGLPEPLTLRWE---PSSQSTIPIVGIVAGLAVLAVVV-TGAVVA-AVMCRRKSSGGKGGSYSQAASSDSAQGSDVSLTA------------
Patr-B*13:01,MQVTAPRTVLLLLSAALALTETWAGSHSMRYFYTSVSRPGRGEPRFISVGYVDDTQFVRFDSDAASPREEPRAPWMEQEGPEYWDRNTQIYKAQAQTDRVSLGNLRGYYNQSEAGSHTLQSMYGCDVGPDGRLLRGYEQYAYDGKDYIALNQDLSSWTAADTAAQITQRKWEAARVAE-QRRAYLEGTCVEWLRRYLENGKETLQRADPPKTHVTHHPISDHEATLRCWALGFYPAEITLTWQRDGEDQTQDTELVETRPAGDRTFQKWAAVVVPSGEEQRYTCHVQHEGLPKPLTLRWE---PSSQSTIPIVGIVAGLAVLAVVV-IGAVVA-AVMCRRKSSGGKGGSYSQAASSDSAQGSDVSLTA------------
HLA-B*40:01,MRVTAPRTVLLLLSAALALTETWAGSHSMRYFHTAMSRPGRGEPRFITVGYVDDTLFVRFDSDATSPRKEPRAPWIEQEGPEYWDRETQISKTNTQTYRESLRNLRGYYNQSEAGSHTLQRMYGCDVGPDGRLLRGHNQYAYDGKDYIALNEDLRSWTAADTAAQISQRKLEAARVAE-QLRAYLEGECVEWLRRYLENGKDKLERADPPKTHVTHHPISDHEATLRCWALGFYPAEITLTWQRDGEDQTQDTELVETRPAGDRTFQKWAAVVVPSGEEQRYTCHVQHEGLPKPLTLRWE---PSSQSTVPIVGIVAGLAVLAVVV-IGAVVA-AVMCRRKSSGGKGGSYSQAACSDSAQGSDVSLTA------------
HLA-B*08:01,MLVMAPRTVLLLLSAALALTETWAGSHSMRYFDTAMSRPGRGEPRFISVGYVDDTQFVRFDSDAASPREEPRAPWIEQEGPEYWDRNTQIFKTNTQTDRESLRNLRGYYNQSEAGSHTLQSMYGCDVGPDGRLLRGHNQYAYDGKDYIALNEDLRSWTAADTAAQITQRKWEAARVAE-QDRAYLEGTCVEWLRRYLENGKDTLERADPPKTHVTHHPISDHEATLRCWALGFYPAEITLTWQRDGEDQTQDTELVETRPAGDRTFQKWAAVVVPSGEEQRYTCHVQHEGLPKPLTLRWE---PSSQSTVPIVGIVAGLAVLAVVV-IGAVVA-AVMCRRKSSGGKGGSYSQAACSDSAQGSDVSLTA------------
HLA-B*08:02,MLVMAPRTVLLLLSAALALTETWAGSHSMRYFDTAMSRPGRGEPRFISVGYVDDTQFVRFDSDAASPREEPRAPWIEQEGPEYWDRNTQIFKTNTQTDRENLRTALRYYNQSEAGSHTLQSMYGCDVGPDGRLLRGHNQYAYDGKDYIALNEDLRSWTAADTAAQITQRKWEAARVAE-QDRAYLEGTCVEWLRRYLENGKDTLERADPPKTHVTHHPISDHEATLRCWALGFYPAEITLTWQRDGEDQTQDTELVETRPAGDRTFQKWAAVVVPSGEEQRYTCHVQHEGLPKPLTLRWE---PSSQSTVPIVGIVAGLAVLAVVV-IGAVVA-AVMCRRKSSGGKGGSYSQAACSDSAQGSDVSLTA------------
HLA-B*07:02,MLVMAPRTVLLLLSAALALTETWAGSHSMRYFYTSVSRPGRGEPRFISVGYVDDTQFVRFDSDAASPREEPRAPWIEQEGPEYWDRNTQIYKAQAQTDRESLRNLRGYYNQSEAGSHTLQSMYGCDVGPDGRLLRGHDQYAYDGKDYIALNEDLRSWTAADTAAQITQRKWEAAREAE-QRRAYLEGECVEWLRRYLENGKDKLERADPPKTHVTHHPISDHEATLRCWALGFYPAEITLTWQRDGEDQTQDTELVETRPAGDRTFQKWAAVVVPSGEEQRYTCHVQHEGLPKPLTLRWE---PSSQSTVPIVGIVAGLAVLAVVV-IGAVVA-AVMCRRKSSGGKGGSYSQAACSDSAQGSDVSLTA------------
HLA-B*42:02,MLVMAPRTVLLLLSAALALTETWAGSHSMRYFHTSVSRPGRGEPRFISVGYVDDTQFVRFDSDAASPREEPRAPWIEQEGPEYWDRNTQIYKAQAQTDRESLRNLRGYYNQSEAGSHTLQSMYGCDVGPDGRLLRGHNQYAYDGKDYIALNEDLRSWTAADTAAQITQRKWEAARVAE-QDRAYLEGTCVEWLRRYLENGKDTLERADPPKTHVTHHPISDHEATLRCWALGFYPAEITLTWQRDGEDQTQDTELVETRPAGDRTFQKWAAVVVPSGEEQRYTCHVQHEGLPKPLTLRWE---PSSQSTVPIVGIVAGLAVLAVVV-IGAVVA-AVMCRRKSSGGKGGSYSQAACSDSAQGSDVSLTA------------
HLA-B*42:01,MLVMAPRTVLLLLSAALALTETWAGSHSMRYFYTSVSRPGRGEPRFISVGYVDDTQFVRFDSDAASPREEPRAPWIEQEGPEYWDRNTQIYKAQAQTDRESLRNLRGYYNQSEAGSHTLQSMYGCDVGPDGRLLRGHNQYAYDGKDYIALNEDLRSWTAADTAAQITQRKWEAARVAE-QDRAYLEGTCVEWLRRYLENGKDTLERADPPKTHVTHHPISDHEATLRCWALGFYPAEITLTWQRDGEDQTQDTELVETRPAGDRTFQKWAAVVVPSGEEQRYTCHVQHEGLPKPLTLRWE---PSSQSTVPIVGIVAGLAVLAVVV-IGAVVA-AVMCRRKSSGGKGGSYSQAACSDSAQGSDVSLTA------------
HLA-B*48:01,MLVMAPRTVLLLLSAALALTETWAGSHSMRYFYTSVSRPGRGEPRFISVGYVDDTQFVRFDSDAASPREEPRAPWIEQEGPEYWDRETQISKTNTQTYRESLRNLRGYYNQSEAGSHTLQSMYGCDVGPDGRLLRGHNQYAYDGKDYIALNEDLRSWTAADTAAQISQRKLEAARVAE-QLRAYLEGECVEWLRRYLENGKDKLERADPPKTHVTHHPISDHEATLRCWALGFYPAEITLTWQRDGEDQTQDTELVETRPAGDRTFQKWTAVVVPSGEEQRYTCHVQHEGLPKPLTLRWE---PSSQSTVPIVGIVAGLAVLAVVV-IGAVVA-AVMCRRKSSGGKGGSYSQAACSDSAQGSDVSLTA------------
HLA-B*81:01,MLVMAPRTVLLLLWGAVALTETWAGSHSMRYFYTSVSRPGRGEPRFISVGYVDDTQFVRFDSDAASPREEPRAPWIEQEGPEYWDRNTQIYKAQAQTDRESLRNLRGYYNQSEAGSHTLQSMYGCDVGPDGRLLRGHNQYAYDGKDYIALNEDLRSWTAADTAAQISQRKLEAARVAE-QLRAYLEGECVEWLRRYLENGKDKLERADPPKTHVTHHPISDHEATLRCWALGFYPAEITLTWQRDGEDQTQDTELVETRPAGDRTFQKWTAVVVPSGEEQRYTCHVQHEGLPKPLTLRWE---PSSQSTVPIVGIVAGLAVLAVVV-IGAVVA-AVMCRRKSSGGKGGSYSQAACSDSAQGSDVSLTA------------
HLA-B*14:02,MLVMAPRTVLLLLSAALALTETWAGSHSMRYFYTAVSRPGRGEPRFISVGYVDDTQFVRFDSDAASPREEPRAPWIEQEGPEYWDRNTQICKTNTQTDRESLRNLRGYYNQSEAGSHTLQWMYGCDVGPDGRLLRGYNQFAYDGKDYIALNEDLSSWTAADTAAQITQRKWEAAREAE-QLRAYLEGTCVEWLRRHLENGKETLQRADPPKTHVTHHPISDHEATLRCWALGFYPAEITLTWQRDGEDQTQDTELVETRPAGDRTFQKWAAVVVPSGEEQRYTCHVQHEGLPKPLTLRWE---PSSQSTVPIVGIVAGLAVLAVVV-IGAVVA-AVMCRRKSSGGKGGSYSQAASSDSAQGSDVSLTA------------
HLA-B*14:01,MLVMAPRTVLLLLSAALALTETWAGSHSMRYFYTSVSRPGRGEPRFISVGYVDDTQFVRFDSDAASPREEPRAPWIEQEGPEYWDRNTQICKTNTQTDRESLRNLRGYYNQSEAGSHTLQWMYGCDVGPDGRLLRGYNQFAYDGKDYIALNEDLSSWTAADTAAQITQRKWEAAREAE-QLRAYLEGTCVEWLRRHLENGKETLQRADPPKTHVTHHPISDHEATLRCWALGFYPAEITLTWQRDGEDQTQDTELVETRPAGDRTFQKWAAVVVPSGEEQRYTCHVQHEGLPKPLTLRWE---PSSQSTVPIVGIVAGLAVLAVVV-IGAVVA-AVMCRRKSSGGKGGSYSQAASSDSAQGSDVSLTA------------
HLA-B*38:01,MLVMAPRTVLLLLSAALALTETWAGSHSMRYFYTSVSRPGRGEPRFISVGYVDDTQFVRFDSDAASPREEPRAPWIEQEGPEYWDRNTQICKTNTQTYRENLRIALRYYNQSEAGSHTLQRMYGCDVGPDGRLLRGHNQFAYDGKDYIALNEDLSSWTAADTAAQITQRKWEAARVAE-QLRTYLEGTCVEWLRRYLENGKETLQRADPPKTHVTHHPISDHEATLRCWALGFYPAEITLTWQRDGEDQTQDTELVETRPAGDRTFQKWAAVVVPSGEEQRYTCHVQHEGLPKPLTLRWE---PSSQSTVPIVGIVAGLAVLAVVV-IGAVVA-AVMCRRKSSGGKGGSYSQAASSDSAQGSDVSLTA------------
HLA-B*39:06,MLVMAPRTVLLLLSAALALTETWAGSHSMRYFYTSVSRPGRGEPRFISVGYVDDTQFVRFDSDAASPREEPRAPWIEQEGPEYWDRNTQICKTNTQTDRESLRNLRGYYNQSEAGSHTWQTMYGCDVGPDGRLLRGHNQFAYDGKDYIALNEDLSSWTAADTAAQITQRKWEAARVAE-QLRTYLEGTCVEWLRRYLENGKETLQRADPPKTHVTHHPISDHEATLRCWALGFYPAEITLTWQRDGEDQTQDTELVETRPAGDRTFQKWAAVVVPSGEEQRYTCHVQHEGLPKPLTLRWE---PSSQSTVPIVGIVAGLAVLAVVV-IGAVVA-AVMCRRKSSGGKGGSYSQAASSDSAQGSDVSLTA------------
HLA-B*39:10,MLVMAPRTVLLLLSAALALTETWAGSHSMRYFYTSVSRPGRGEPRFISVGYVDDTQFVRFDSDAASPREEPRAPWIEQEGPEYWDRNTQIYKTNTQTDRESLRNLRGYYNQSEAGSHTLQRMYGCDVGPDGRLLRGHNQFAYDGKDYIALNEDLSSWTAADTAAQITQRKWEAARVAE-QLRTYLEGTCVEWLRRYLENGKETLQRADPPKTHVTHHPISDHEATLRCWALGFYPAEITLTWQRDGEDQTQDTELVETRPAGDRTFQKWAAVVVPSGEEQRYTCHVQHEGLPKPLTLRWE---PSSQSTVPIVGIVAGLAVLAVVV-IGAVVA-AVMCRRKSSGGKGGSYSQAASSDSAQGSDVSLTA------------
HLA-B*39:01,MLVMAPRTVLLLLSAALALTETWAGSHSMRYFYTSVSRPGRGEPRFISVGYVDDTQFVRFDSDAASPREEPRAPWIEQEGPEYWDRNTQICKTNTQTDRESLRNLRGYYNQSEAGSHTLQRMYGCDVGPDGRLLRGHNQFAYDGKDYIALNEDLSSWTAADTAAQITQRKWEAARVAE-QLRTYLEGTCVEWLRRYLENGKETLQRADPPKTHVTHHPISDHEATLRCWALGFYPAEITLTWQRDGEDQTQDTELVETRPAGDRTFQKWAAVVVPSGEEQRYTCHVQHEGLPKPLTLRWE---PSSQSTVPIVGIVAGLAVLAVVV-IGAVVA-AVMCRRKSSGGKGGSYSQAASSDSAQGSDVSLTA------------
HLA-B*39:09,MLVMAPRTVLLLLSAALALTETWAGSHSMRYFYTSVSRPGRGEPRFISVGYVDDTQFVRFDSDAASPREEPRAPWIEQEGPEYWDRNTQICKTNTQTDRESLRNLRGYYNQSEAGSHTLQRMSGCDVGPDGRLLRGHNQFAYDGKDYIALNEDLSSWTAADTAAQITQRKWEAARVAE-QLRTYLEGTCVEWLRRYLENGKETLQRADPPKTHVTHHPISDHEATLRCWALGFYPAEITLTWQRDGEDQTQDTELVETRPAGDRTFQKWAAVVVPSGEEQRYTCHVQHEGLPKPLTLRWE---PSSQSTVPIVGIVAGLAVLAVVV-IGAVVA-AVMCRRKSSGGKGGSYSQAASSDSAQGSDVSLTA------------
HLA-B*45:01,MRVTAPRTVLLLLSAALALTETWAGSHSMRYFHTAMSRPGRGEPRFITVGYVDDTLFVRFDSDATSPRKEPRAPWIEQEGPEYWDRETQISKTNTQTYRESLRNLRGYYNQSEAGSHTWQRMYGCDLGPDGRLLRGYNQLAYDGKDYIALNEDLSSWTAADTAAQITQRKWEAARVAE-QDRAYLEGLCVESLRRYLENGKETLQRADPPKTHVTHHPISDHEATLRCWALGFYPAEITLTWQRDGEDQTQDTELVETRPAGDRTFQKWAAVVVPSGEEQRYTCHVQHEGLPKPLTLRWE---PSSQSTIPIVGIVAGLAVLAVVV-IGAVVA-TVMCRRKSSGGKGGSYSQAASSDSAQGSDVSLTA------------
HLA-B*37:01,MRVTAPRTLLLLLWGAVALTETWAGSHSMRYFHTSVSRPGRGEPRFISVGYVDDTQFVRFDSDAASPRTEPRAPWIEQEGPEYWDRETQISKTNTQTYREDLRTLLRYYNQSEAGSHTIQRMSGCDVGPDGRLLRGYNQFAYDGKDYIALNEDLSSWTAADTAAQITQRKWEAARVAE-QDRAYLEGTCVEWLRRYLENGKETLQRADPPKTHVTHHPISDHEATLRCWALGFYPAEITLTWQRDGEDQTQDTELVETRPAGDRTFQKWAAVVVPSGEEQRYTCHVQHEGLPKPLTLRWE---PSSQSTIPIVGIVAGLAVLAVVV-IGAVVA-TVMCRRKSSGGKGGSYSQAASSDSAQGSDVSLTA------------
HLA-B*18:01,MRVTAPRTLLLLLWGAVALTETWAGSHSMRYFHTSVSRPGRGEPRFISVGYVDGTQFVRFDSDAASPRTEPRAPWIEQEGPEYWDRNTQISKTNTQTYRESLRNLRGYYNQSEAGSHTLQRMYGCDVGPDGRLLRGHDQSAYDGKDYIALNEDLSSWTAADTAAQITQRKWEAARVAE-QLRAYLEGTCVEWLRRHLENGKETLQRADPPKTHVTHHPISDHEATLRCWALGFYPAEITLTWQRDGEDQTQDTELVETRPAGDRTFQKWAAVVVPSGEEQRYTCHVQHEGLPKPLTLRWE---PSSQSTIPIVGIVAGLAVLAVVV-IGAVVA-TVMCRRKSSGGKGGSYSQAASSDSAQGSDVSLTA------------
HLA-B*54:01,MRVTAPRTLLLLLWGALALTETWAGSHSMRYFYTAMSRPGRGEPRFIAVGYVDDTQFVRFDSDAASPRGEPRAPWVEQEGPEYWDRNTQIYKAQAQTDRESLRNLRGYYNQSEAGSHTWQTMYGCDLGPDGRLLRGHNQLAYDGKDYIALNEDLSSWTAADTAAQITQRKWEAARVAE-QLRAYLEGTCVEWLRRYLENGKETLQRADPPKTHVTHHPISDHEATLRCWALGFYPAEITLTWQRDGEDQTQDTELVETRPAGDRTFQKWAAVVVPSGEEQRYTCHVQHEGLPKPLTLRWE---PSSQSTIPIVGIVAGLAVLAVVV-IGAVVA-TVMCRRKSSGGKGGSYSQAASSDSAQGSDVSLTA------------
HLA-B*56:01,MRVTAPRTLLLLLWGALALTETWAGSHSMRYFYTAMSRPGRGEPRFIAVGYVDDTQFVRFDSDAASPREEPRAPWIEQEGPEYWDRNTQIYKAQAQTDRESLRNLRGYYNQSEAGSHTWQTMYGCDLGPDGRLLRGHNQLAYDGKDYIALNEDLSSWTAADTAAQITQRKWEAARVAE-QLRAYLEGLCVEWLRRYLENGKETLQRADPPKTHVTHHPISDHEATLRCWALGFYPAEITLTWQRDGEDQTQDTELVETRPAGDRTFQKWAAVVVPSGEEQRYTCHVQHEGLPKPLTLRWE---PSSQSTIPIVGIVAGLAVLAVVV-IGAVVA-TVMCRRKSSGGKGGSYSQAASSDSAQGSDVSLTA------------
HLA-B*55:01,MRVTAPRTLLLLLWGALALTETWAGSHSMRYFYTAMSRPGRGEPRFIAVGYVDDTQFVRFDSDAASPREEPRAPWIEQEGPEYWDRNTQIYKAQAQTDRESLRNLRGYYNQSEAGSHTWQTMYGCDLGPDGRLLRGHNQLAYDGKDYIALNEDLSSWTAADTAAQITQRKWEAAREAE-QLRAYLEGTCVEWLRRYLENGKETLQRADPPKTHVTHHPISDHEATLRCWALGFYPAEITLTWQRDGEDQTQDTELVETRPAGDRTFQKWAAVVVPSGEEQRYTCHVQHEGLPKPLTLRWE---PSSQSTIPIVGIVAGLAVLAVVV-IGAVVA-TVMCRRKSSGGKGGSYSQAASSDSAQGSDVSLTA------------
HLA-B*55:02,MRVTAPRTLLLLLWGALALTETWAGSHSMRYFYTAMSRPGRGEPRFIAVGYVDDTQFVRFDSDAASPREEPRAPWIEQEGPEYWDRNTQIYKAQAQTDRESLRNLRGYYNQSEAGSHTWQTMYGCDLGPDGRLLRGHNQLAYDGKDYIALNEDLSSWTAADTAAQITQRKWEAARVAE-QLRAYLEGTCVEWLRRYLENGKETLQRADPPKTHVTHHPISDHEATLRCWALGFYPAEITLTWQRDGEDQTQDTELVETRPAGDRTFQKWAAVVVPSGEEQRYTCHVQHEGLPKPLTLRWE---PSSQSTIPIVGIVAGLAVLAVVV-IGAVVA-TVMCRRKSSGGKGGSYSQAASSDSAQGSDVSLTA------------
HLA-B*15:42,MRVTAPRTVLLLLSGALALTETWAGSHSMRYFYTAMSRPGRGEPRFIAVGYVDDTQFVRFDSDAASPRMAPRAPWIEQEGPEYWDRETQISKTNTQTYRESLRNLRGYYNQSEAGSHTWQTMYGCDLGPDGRLLRGHNQLAYDGKDYIALNEDLSSWTAADTAAQITQRKWEAAREAE-QLRAYLEGTCVEWLRRYLENGKETLQRADPPKTHVTHHPISDHEATLRCWALGFYPAEITLTWQRDGEDQTQDTELVETRPAGDRTFQKWAAVVVPSGEEQRYTCHVQHEGLPKPLTLRWE---PSSQSTIPIVGIVAGLAVLAVVV-IGAVVA-TVMCRRKSSGGKGGSYSQAASSDSAQGSDVSLTA------------
HLA-B*46:01,MRVTAPRTVLLLLSGALALTETWAGSHSMRYFYTAMSRPGRGEPRFIAVGYVDDTQFVRFDSDAASPRMAPRAPWIEQEGPEYWDRETQKYKRQAQTDRVSLRNLRGYYNQSEAGSHTLQRMYGCDVGPDGRLLRGHDQSAYDGKDYIALNEDLSSWTAADTAAQITQRKWEAAREAE-QWRAYLEGLCVEWLRRYLENGKETLQRADPPKTHVTHHPISDHEATLRCWALGFYPAEITLTWQRDGEDQTQDTELVETRPAGDRTFQKWAAVVVPSGEEQRYTCHVQHEGLPKPLTLRWE---PSSQSTIPIVGIVAGLAVLAVVV-IGAVVA-TVMCRRKSSGGKGGSYSQAASSDSAQGSDVSLTA------------
HLA-B*15:03,MRVTAPRTVLLLLSGALALTETWAGSHSMRYFYTAMSRPGRGEPRFISVGYVDDTQFVRFDSDAASPREEPRAPWIEQEGPEYWDRETQISKTNTQTYRESLRNLRGYYNQSEAGSHTLQRMYGCDVGPDGRLLRGHDQSAYDGKDYIALNEDLSSWTAADTAAQITQRKWEAAREAE-QLRAYLEGLCVEWLRRYLENGKETLQRADPPKTHVTHHPISDHEATLRCWALGFYPAEITLTWQRDGEDQTQDTELVETRPAGDRTFQKWAAVVVPSGEEQRYTCHVQHEGLPKPLTLRWE---PSSQSTIPIVGIVAGLAVLAVVV-IGAVVA-TVMCRRKSSGGKGGSYSQAASSDSAQGSDVSLTA------------
HLA-B*15:09,MRVTAPRTVLLLLSGALALTETWAGSHSMRYFYTAMSRPGRGEPRFISVGYVDDTQFVRFDSDAASPREEPRAPWIEQEGPEYWDRNTQICKTNTQTYRESLRNLRGYYNQSEAGSHTLQRMYGCDVGPDGRLLRGHNQYAYDGKDYIALNEDLSSWTAADTAAQITQRKWEAAREAE-QLRAYLEGLCVEWLRRYLENGKETLQRADPPKTHVTHHPISDHEATLRCWALGFYPAEITLTWQRDGEDQTQDTELVETRPAGDRTFQKWAAVVVPSGEEQRYTCHVQHEGLPKPLTLRWE---PSSQSTIPIVGIVAGLAVLAVVV-IGAVVA-TVMCRRKSSGGKGGSYSQAASSDSAQGSDVSLTA------------
HLA-B*15:10,MRVTAPRTVLLLLSGALALTETWAGSHSMRYFYTAMSRPGRGEPRFISVGYVDDTQFVRFDSDAASPREEPRAPWIEQEGPEYWDRNTQICKTNTQTYRESLRNLRGYYNQSEAGSHTLQRMYGCDVGPDGRLLRGHDQYAYDGKDYIALNEDLSSWTAADTAAQITQRKWEAAREAE-QLRAYLEGLCVEWLRRYLENGKETLQRADPPKTHVTHHPISDHEATLRCWALGFYPAEITLTWQRDGEDQTQDTELVETRPAGDRTFQKWAAVVVPSGEEQRYTCHVQHEGLPKPLTLRWE---PSSQSTIPIVGIVAGLAVLAVVV-IGAVVA-TVMCRRKSSGGKGGSYSQAASSDSAQGSDVSLTA------------
HLA-B*15:13,MRVTAPRTVLLLLSGALALTETWAGSHSMRYFYTAMSRPGRGEPRFIAVGYVDDTQFVRFDSDAASPRMAPRAPWIEQEGPEYWDRNTQISKTNTQTYRENLRIALRYYNQSEAGSHIIQRMYGCDVGPDGRLLRGYDQSAYDGKDYIALNEDLSSWTAADTAAQITQRKWEAAREAE-QLRAYLEGLCVEWLRRYLENGKETLQRADPPKTHVTHHPISDHEATLRCWALGFYPAEITLTWQRDGEDQTQDTELVETRPAGDRTFQKWAAVVVPSGEEQRYTCHVQHEGLPKPLTLRWE---PSSQSTIPIVGIVAGLAVLAVVV-IGAVVA-TVMCRRKSSGGKGGSYSQAASSDSAQGSDVSLTA------------
HLA-B*15:02,MRVTAPRTVLLLLSGALALTETWAGSHSMRYFYTAMSRPGRGEPRFIAVGYVDDTQFVRFDSDAASPRMAPRAPWIEQEGPEYWDRNTQISKTNTQTYRESLRNLRGYYNQSEAGSHIIQRMYGCDVGPDGRLLRGYDQSAYDGKDYIALNEDLSSWTAADTAAQITQRKWEAAREAE-QLRAYLEGLCVEWLRRYLENGKETLQRADPPKTHVTHHPISDHEATLRCWALGFYPAEITLTWQRDGEDQTQDTELVETRPAGDRTFQKWAAVVVPSGEEQRYTCHVQHEGLPKPLTLRWE---PSSQSTIPIVGIVAGLAVLAVVV-IGAVVA-TVMCRRKSSGGKGGSYSQAASSDSAQGSDVSLTA------------
HLA-B*15:01,MRVTAPRTVLLLLSGALALTETWAGSHSMRYFYTAMSRPGRGEPRFIAVGYVDDTQFVRFDSDAASPRMAPRAPWIEQEGPEYWDRETQISKTNTQTYRESLRNLRGYYNQSEAGSHTLQRMYGCDVGPDGRLLRGHDQSAYDGKDYIALNEDLSSWTAADTAAQITQRKWEAAREAE-QWRAYLEGLCVEWLRRYLENGKETLQRADPPKTHVTHHPISDHEATLRCWALGFYPAEITLTWQRDGEDQTQDTELVETRPAGDRTFQKWAAVVVPSGEEQRYTCHVQHEGLPKPLTLRWE---PSSQSTIPIVGIVAGLAVLAVVV-IGAVVA-TVMCRRKSSGGKGGSYSQAASSDSAQGSDVSLTA------------
HLA-B*15:08,MRVTAPRTVLLLLSGALALTETWAGSHSMRYFYTAMSRPGRGEPRFIAVGYVDDTQFVRFDSDAASPRMAPRAPWIEQEGPEYWDRNTQIFKTNTQTYRESLRNLRGYYNQSEAGSHTLQRMYGCDVGPDGRLLRGHDQSAYDGKDYIALNEDLSSWTAADTAAQITQRKWEAAREAE-QWRAYLEGLCVEWLRRYLENGKETLQRADPPKTHVTHHPISDHEATLRCWALGFYPAEITLTWQRDGEDQTQDTELVETRPAGDRTFQKWAAVVVPSGEEQRYTCHVQHEGLPKPLTLRWE---PSSQSTIPIVGIVAGLAVLAVVV-IGAVVA-TVMCRRKSSGGKGGSYSQAASSDSAQGSDVSLTA------------
Patr-B*01:01,MQVTAPRTVLLLLSAALALTETWAGSHSMRYFYTSVSRPGRGEPRFITVGYVDDTQFVRFDSDAASPRMEPRAPWIEQEGPEYWDRETRNMKASAQTDRENLRIALRYYNQSEAGSHTWQTMYGCDMGPDGRLLRGYGQYAYDGKDYIALNEDLSSWTAADTAAQITQRKWEAAREAE-QRRAYLEGTCVEWLRRYLENGKETLQRADPPKTHVTHHPISDHEATLRCWALGFYPAEITLTWQRDGEDQTQDTELVETRPEGDRTFQKWAAVVVPSGEEQRYTCHVQHEGLPKPLTLRWE---PSSQSTIPIVGIVAGLAVLVVTVAVVAVVA-AVMCRRKSSGGKGGSYSQAASSDSAQGSDVSLTA------------
Patr-B*09:01,--------VLLLLSAALALTETWAGSHSMRYFYTSVSRPGRGEPRFITVGYVDDTQFVRFDSDAASPRMEPRAPWIEQEGPEYWDRETRNMKASAQTDRENLRIALRYYNQSEAGSHIIQRMYGCDMGPDGRLLRGYYQYAYDGKDYIALNEDLSSWTAADTAAQITQRKWEAARAAE-QRRAYLEGTCVEWLRRYLENGKETLQRADPPKTHVTHHPISDHEATLRCWALGFYPAEITLTWQRDGEDQTQDTELVETRPEGDRTFQKWAAVVVPSGEEQRYTCHVQHEGLPKPLTLRWE---PSSQSTIPIVGIVAGLAVLVVTVAVVAVVA-AVLCRRKSSGGKGGSYSQAASSDSAQGSDVSLTA------------
Gogo-B*01:01,MRVTAPRTLLLLLSAALALTETWAGSHSMRYFDTAVSRPGRGEPRFITVGYVDDTQFVRFDSDAASPRMEPRAPWIEQEGPEYWDRETQTSKAQAQTDRENLRIALRYYNQSEAGSHTIQRMFGCDVGPDGRLLRGYSQSAYDGKDYIALNEDLSSWTAADTAAQITQRKWEAAREAE-QLRAYLEGTCVEWLRRYLENGRETLQRADTPKTHVTHHPISDHEATLRCWALGFYPAEITLTWQRDGEDQTQDTELVETRPAGDGTFQKWAAVVVPSGEEERYTCHVQHEGLPKPLTLRWE---PSSQSTIPIVGIVAGLAVLAVVV-IGAVVT-AVICRRKSSGGKGGSYSQAASSDSAQGSDVSLTA------------
HLA-B*52:01,MRVTAPRTVLLLLWGAVALTETWAGSHSMRYFYTAMSRPGRGEPRFIAVGYVDDTQFVRFDSDAASPRTEPRAPWIEQEGPEYWDRETQISKTNTQTYRENLRIALRYYNQSEAGSHTWQTMYGCDVGPDGRLLRGHNQYAYDGKDYIALNEDLSSWTAADTAAQITQRKWEAAREAE-QLRAYLEGLCVEWLRRHLENGKETLQRADPPKTHVTHHPVSDHEATLRCWALGFYPAEITLTWQRDGEDQTQDTELVETRPAGDRTFQKWAAVVVPSGEEQRYTCHVQHEGLPKPLTLRWE---PSSQSTIPIVGIVAGLAVLAVVV-IGAVVA-TVMCRRKSSGGKGGSYSQAASSDSAQGSDVSLTA------------
HLA-B*51:01,MRVTAPRTVLLLLWGAVALTETWAGSHSMRYFYTAMSRPGRGEPRFIAVGYVDDTQFVRFDSDAASPRTEPRAPWIEQEGPEYWDRNTQIFKTNTQTYRENLRIALRYYNQSEAGSHTWQTMYGCDVGPDGRLLRGHNQYAYDGKDYIALNEDLSSWTAADTAAQITQRKWEAAREAE-QLRAYLEGLCVEWLRRHLENGKETLQRADPPKTHVTHHPVSDHEATLRCWALGFYPAEITLTWQRDGEDQTQDTELVETRPAGDRTFQKWAAVVVPSGEEQRYTCHVQHEGLPKPLTLRWE---PSSQSTIPIVGIVAGLAVLAVVV-IGAVVA-TVMCRRKSSGGKGGSYSQAASSDSAQGSDVSLTA------------
HLA-B*51:02,MRVTAPRTVLLLLWGAVALTETWAGSHSMRYFYTAMSRPGRGEPRFIAVGYVDDTQFVRFDSDAASPRTEPRAPWIEQEGPEYWDRNTQIFKTNTQTYRENLRIALRYYNQSEAGSHTWQTMYGCDVGPDGRLLRGHNQYAYDGKDYIALNEDLSSWTAADTAAQITQRKWEAAREAE-QLRAYLEGLCVEWLRRYLENGKETLQRADPPKTHVTHHPVSDHEATLRCWALGFYPAEITLTWQRDGEDQTQDTELVETRPAGDRTFQKWAAVVVPSGEEQRYTCHVQHEGLPKPLTLRWE---PSSQSTIPIVGIVAGLAVLAVVV-IGAVVA-TVMCRRKSSGGKGGSYSQAASSDSAQGSDVSLTA------------
HLA-B*53:01,MRVTAPRTVLLLLWGAVALTETWAGSHSMRYFYTAMSRPGRGEPRFIAVGYVDDTQFVRFDSDAASPRTEPRAPWIEQEGPEYWDRNTQIFKTNTQTYRENLRIALRYYNQSEAGSHIIQRMYGCDLGPDGRLLRGHDQSAYDGKDYIALNEDLSSWTAADTAAQITQRKWEAARVAE-QLRAYLEGLCVEWLRRYLENGKETLQRADPPKTHVTHHPVSDHEATLRCWALGFYPAEITLTWQRDGEDQTQDTELVETRPAGDRTFQKWAAVVVPSGEEQRYTCHVQHEGLPKPLTLRWE---PSSQSTIPIVGIVAGLAVLAVVV-IGAVVA-TVMCRRKSSGGKGGSYSQAASSDSAQGSDVSLTA------------
HLA-B*35:02,MRVTAPRTVLLLLWGAVALTETWAGSHSMRYFYTAMSRPGRGEPRFIAVGYVDDTQFVRFDSDAASPRTEPRAPWIEQEGPEYWDRNTQIFKTNTQTYRESLRNLRGYYNQSEAGSHIIQRMYGCDLGPDGRFLRGHNQYAYDGKDYIALNEDLSSWTAADTAAQITQRKWEAARVAE-QLRAYLEGLCVEWLRRYLENGKETLQRADPPKTHVTHHPVSDHEATLRCWALGFYPAEITLTWQRDGEDQTQDTELVETRPAGDRTFQKWAAVVVPSGEEQRYTCHVQHEGLPKPLTLRWE---PSSQSTIPIVGIVAGLAVLAVVV-IGAVVA-TVMCRRKSSGGKGGSYSQAASSDSAQGSDVSLTA------------
HLA-B*35:08,MRVTAPRTVLLLLWGAVALTETWAGSHSMRYFYTAMSRPGRGEPRFIAVGYVDDTQFVRFDSDAASPRTEPRAPWIEQEGPEYWDRNTQIFKTNTQTYRESLRNLRGYYNQSEAGSHIIQRMYGCDLGPDGRLLRGHDQSAYDGKDYIALNEDLSSWTAADTAAQITQRKWEAARVAE-QRRAYLEGLCVEWLRRYLENGKETLQRADPPKTHVTHHPVSDHEATLRCWALGFYPAEITLTWQRDGEDQTQDTELVETRPAGDRTFQKWAAVVVPSGEEQRYTCHVQHEGLPKPLTLRWE---PSSQSTIPIVGIVAGLAVLAVVV-IGAVVA-TVMCRRKSSGGKGGSYSQAASSDSAQGSDVSLTA------------
HLA-B*35:01,MRVTAPRTVLLLLWGAVALTETWAGSHSMRYFYTAMSRPGRGEPRFIAVGYVDDTQFVRFDSDAASPRTEPRAPWIEQEGPEYWDRNTQIFKTNTQTYRESLRNLRGYYNQSEAGSHIIQRMYGCDLGPDGRLLRGHDQSAYDGKDYIALNEDLSSWTAADTAAQITQRKWEAARVAE-QLRAYLEGLCVEWLRRYLENGKETLQRADPPKTHVTHHPVSDHEATLRCWALGFYPAEITLTWQRDGEDQTQDTELVETRPAGDRTFQKWAAVVVPSGEEQRYTCHVQHEGLPKPLTLRWE---PSSQSTIPIVGIVAGLAVLAVVV-IGAVVA-TVMCRRKSSGGKGGSYSQAASSDSAQGSDVSLTA------------
HLA-B*35:03,MRVTAPRTVLLLLWGAVALTETWAGSHSMRYFYTAMSRPGRGEPRFIAVGYVDDTQFVRFDSDAASPRTEPRAPWIEQEGPEYWDRNTQIFKTNTQTYRESLRNLRGYYNQSEAGSHIIQRMYGCDLGPDGRLLRGHDQFAYDGKDYIALNEDLSSWTAADTAAQITQRKWEAARVAE-QLRAYLEGLCVEWLRRYLENGKETLQRADPPKTHVTHHPVSDHEATLRCWALGFYPAEITLTWQRDGEDQTQDTELVETRPAGDRTFQKWAAVVVPSGEEQRYTCHVQHEGLPKPLTLRWE---PSSQSTIPIVGIVAGLAVLAVVV-IGAVVA-TVMCRRKSSGGKGGSYSQAASSDSAQGSDVSLTA------------
HLA-B*15:17,MRVTAPRTVLLLLSGALALTETWAGSHSMRYFYTAMSRPGRGEPRFIAVGYVDDTQFVRFDSDAASPRMAPRAPWIEQEGPEYWDRETRNMKASAQTYRENLRIALRYYNQSEAGSHTLQRMYGCDVGPDGRLLRGYHQDAYDGKDYIALNEDLSSWTAADTAAQITQRKWEAAREAE-QLRAYLEGLCVEWLRRYLENGKETLQRADPPKTHVTHHPISDHEATLRCWALGFYPAEITLTWQRDGEDQTQDTELVETRPAGDRTFQKWAAVVVPSGEEQRYTCHVQHEGLPKPLTLRWE---PSSQSTIPIVGIVAGLAVLAVVV-IGAVVA-TVMCRRKSSGGKGGSYSQAASSDSAQGSDVSLTA------------
HLA-B*15:16,MRVTAPRTVLLLLSGALALTETWAGSHFMRYFYTAMSRPGRGEPRFIAVGYVDDTQFVRFDSDAASPRMAPRAPWIEQEGPEYWDRETRNMKASAQTYRENLRIALRYYNQSEAGSHTWQRMYGCDLGPDGRLLRGHDQSAYDGKDYIALNEDLSSWTAADTAAQITQRKWEAAREAE-QLRAYLEGLCVEWLRRYLENGKETLQRADPPKTHVTHHPISDHEATLRCWALGFYPAEITLTWQRDGEDQTQDTELVETRPAGDRTFQKWAAVVVPSGEEQRYTCHVQHEGLPKPLTLRWE---PSSQSTIPIVGIVAGLAVLAVVV-IGAVVA-TVMCRRKSSGGKGGSYSQAASSDSAQGSDVSLTA------------
HLA-B*57:01,MRVTAPRTVLLLLWGAVALTETWAGSHSMRYFYTAMSRPGRGEPRFIAVGYVDDTQFVRFDSDAASPRMAPRAPWIEQEGPEYWDGETRNMKASAQTYRENLRIALRYYNQSEAGSHIIQVMYGCDVGPDGRLLRGHDQSAYDGKDYIALNEDLSSWTAADTAAQITQRKWEAARVAE-QLRAYLEGLCVEWLRRYLENGKETLQRADPPKTHVTHHPISDHEATLRCWALGFYPAEITLTWQRDGEDQTQDTELVETRPAGDRTFQKWAAVVVPSGEEQRYTCHVQHEGLPKPLTLRWE---PSSQSTVPIVGIVAGLAVLAVVV-IGAVVA-AVMCRRKSSGGKGGSYSQAACSDSAQGSDVSLTA------------
HLA-B*57:02,MRVTAPRTVLLLLWGAVALTETWAGSHSMRYFYTAMSRPGRGEPRFIAVGYVDDTQFVRFDSDAASPRMAPRAPWIEQEGPEYWDGETRNMKASAQTYRENLRIALRYYNQSEAGSHIIQVMYGCDVGPDGRLLRGHNQYAYDGKDYIALNEDLSSWTAADTAAQITQRKWEAARVAE-QRRAYLEGLCVEWLRRYLENGKETLQRADPPKTHVTHHPISDHEATLRCWALGFYPAEITLTWQRDGEDQTQDTELVETRPAGDRTFQKWAAVVVPSGEEQRYTCHVQHEGLPKPLTLRWE---PSSQSTVPIVGIVAGLAVLAVVV-IGAVVA-AVMCRRKSSGGKGGSYSQAACSDSAQGSDVSLTA------------
HLA-B*57:03,MRVTAPRTVLLLLWGAVALTETWAGSHSMRYFYTAMSRPGRGEPRFIAVGYVDDTQFVRFDSDAASPRMAPRAPWIEQEGPEYWDGETRNMKASAQTYRENLRIALRYYNQSEAGSHIIQVMYGCDVGPDGRLLRGHNQYAYDGKDYIALNEDLSSWTAADTAAQITQRKWEAARVAE-QLRAYLEGLCVEWLRRYLENGKETLQRADPPKTHVTHHPISDHEATLRCWALGFYPAEITLTWQRDGEDQTQDTELVETRPAGDRTFQKWAAVVVPSGEEQRYTCHVQHEGLPKPLTLRWE---PSSQSTVPIVGIVAGLAVLAVVV-IGAVVA-AVMCRRKSSGGKGGSYSQAACSDSAQGSDVSLTA------------
HLA-B*58:01,MRVTAPRTVLLLLWGAVALTETWAGSHSMRYFYTAMSRPGRGEPRFIAVGYVDDTQFVRFDSDAASPRTEPRAPWIEQEGPEYWDGETRNMKASAQTYRENLRIALRYYNQSEAGSHIIQRMYGCDLGPDGRLLRGHDQSAYDGKDYIALNEDLSSWTAADTAAQITQRKWEAARVAE-QLRAYLEGLCVEWLRRYLENGKETLQRADPPKTHVTHHPVSDHEATLRCWALGFYPAEITLTWQRDGEDQTQDTELVETRPAGDRTFQKWAAVVVPSGEEQRYTCHVQHEGLPKPLTLRWE---PSSQSTIPIVGIVAGLAVLAVVV-IGAVVA-TVMCRRKSSGGKGGSYSQAASSDSAQGSDVSLTA------------
HLA-B*58:02,MRVTAPRTVLLLLWGAVALTETWAGSHSMRYFYTAMSRPGRGEPRFIAVGYVDDTQFVRFDSDAASPRTEPRAPWIEQEGPEYWDGETRNMKASAQTYRENLRIALRYYNQSEAGSHTLQWMYGCDLGPDGRLLRGHDQSAYDGKDYIALNEDLSSWTAADTAAQITQRKWEAARVAE-QLRAYLEGLCVEWLRRYLENGKETLQRADPPKTHVTHHPVSDHEATLRCWALGFYPAEITLTWQRDGEDQTQDTELVETRPAGDRTFQKWAAVVVPSGEEQRYTCHVQHEGLPKPLTLRWE---PSSQSTIPIVGIVAGLAVLAVVV-IGAVVA-TVMCRRKSSGGKGGSYSQAASSDSAQGSDVSLTA------------
HLA-B*27:02,MRVTAPRTLLLLLWGAVALTETWAGSHSMRYFHTSVSRPGRGEPRFITVGYVDDTLFVRFDSDAASPREEPRAPWIEQEGPEYWDRETQICKAKAQTDRENLRIALRYYNQSEAGSHTLQNMYGCDVGPDGRLLRGYHQDAYDGKDYIALNEDLSSWTAADTAAQITQRKWEAARVAE-QLRAYLEGECVEWLRRYLENGKETLQRADPPKTHVTHHPISDHEATLRCWALGFYPAEITLTWQRDGEDQTQDTELVETRPAGDRTFQKWAAVVVPSGEEQRYTCHVQHEGLPKPLTLRWE---PSSQSTVPIVGIVAGLAVLAVVV-IGAVVA-AVMCRRKSSGGKGGSYSQAACSDSAQGSDVSLTA------------
HLA-B*27:01,MRVTAPRTLLLLLWGAVALTETWAGSHSMRYFHTSVSRPGRGEPRFITVGYVDDTLFVRFDSDAASPREEPRAPWIEQEGPEYWDRETQICKAKAQTYRENLRTALRYYNQSEAGSHTLQNMYGCDVGPDGRLLRGYHQDAYDGKDYIALNEDLSSWTAADTAAQITQRKWEAARVAE-QLRAYLEGECVEWLRRYLENGKETLQRADPPKTHVTHHPISDHEATLRCWALGFYPAEITLTWQRDGEDQTQDTELVETRPAGDRTFQKWAAVVVPSGEEQRYTCHVQHEGLPKPLTLRWE---PSSQSTVPIVGIVAGLAVLAVVV-IGAVVA-AVMCRRKSSGGKGGSYSQAACSDSAQGSDVSLTA------------
HLA-B*27:20,MRVTAPRTLLLLLWGAVALTETWAGSHSMRYFHTSVSRPGRGEPRFITVGYVDDTLFVRFDSDAASPREEPRAPWIEQEGPEYWDRETQICKAKAQTDRESLRTLLRYYNQSEAGSHTLQNMYGCDVGPDGRLLRGHNQYAYDGKDYIALNEDLRSWTAADTAAQITQRKWEAAREAE-QLRAYLEGECVEWLRRYLENGKETLQRADPPKTHVTHHPISDHEATLRCWALGFYPGEITLTWQRDGEDQTQDTELVETRPAGDRTFQKWAAVVVPSGEEQRYTCHVQHEGLPKPLTLRWE---PSSQSTVPIVGIVAGLAVLAVVV-IGAVVA-AVMCRRKSSGGKGGSYSQAACSDSAQGSDVSLTA------------
HLA-B*27:10,MRVTAPRTLLLLLWGAVALTETWAGSHSMRYFHTSVSRPGRGEPRFITVGYVDDTLFVRFDSDAASPREEPRAPWIEQEGPEYWDRETQICKAKAQTDREDLRTLLRYYNQSEAGSHTLQNMYGCDVGPDGRLLRGYHQDAYDGKDYIALNEDLSSWTAADTAAQITQRKWEAAREAE-QLRAYLEGECVEWLRRYLENGKETLQRADPPKTHVTHHPISDHEATLRCWALGFYPAEITLTWQRDGEDQTQDTELVETRPAGDRTFQKWAAVVVPSGEEQRYTCHVQHEGLPKPLTLRWE---PSSQSTVPIVGIVAGLAVLAVVV-IGAVVA-AVMCRRKSSGGKGGSYSQAACSDSAQGSDVSLTA------------
HLA-B*27:09,MRVTAPRTLLLLLWGAVALTETWAGSHSMRYFHTSVSRPGRGEPRFITVGYVDDTLFVRFDSDAASPREEPRAPWIEQEGPEYWDRETQICKAKAQTDREDLRTLLRYYNQSEAGSHTLQNMYGCDVGPDGRLLRGYHQHAYDGKDYIALNEDLSSWTAADTAAQITQRKWEAARVAE-QLRAYLEGECVEWLRRYLENGKETLQRADPPKTHVTHHPISDHEATLRCWALGFYPAEITLTWQRDGEDQTQDTELVETRPAGDRTFQKWAAVVVPSGEEQRYTCHVQHEGLPKPLTLRWE---PSSQSTVPIVGIVAGLAVLAVVV-IGAVVA-AVMCRRKSSGGKGGSYSQAACSDSAQGSDVSLTA------------
HLA-B*27:03,MRVTAPRTLLLLLWGAVALTETWAGSHSMRYFHTSVSRPGRGEPRFITVGYVDDTLFVRFDSDAASPREEPRAPWIEQEGPEHWDRETQICKAKAQTDREDLRTLLRYYNQSEAGSHTLQNMYGCDVGPDGRLLRGYHQDAYDGKDYIALNEDLSSWTAADTAAQITQRKWEAARVAE-QLRAYLEGECVEWLRRYLENGKETLQRADPPKTHVTHHPISDHEATLRCWALGFYPAEITLTWQRDGEDQTQDTELVETRPAGDRTFQKWAAVVVPSGEEQRYTCHVQHEGLPKPLTLRWE---PSSQSTVPIVGIVAGLAVLAVVV-IGAVVA-AVMCRRKSSGGKGGSYSQAACSDSAQGSDVSLTA------------
HLA-B*27:05,MRVTAPRTLLLLLWGAVALTETWAGSHSMRYFHTSVSRPGRGEPRFITVGYVDDTLFVRFDSDAASPREEPRAPWIEQEGPEYWDRETQICKAKAQTDREDLRTLLRYYNQSEAGSHTLQNMYGCDVGPDGRLLRGYHQDAYDGKDYIALNEDLSSWTAADTAAQITQRKWEAARVAE-QLRAYLEGECVEWLRRYLENGKETLQRADPPKTHVTHHPISDHEATLRCWALGFYPAEITLTWQRDGEDQTQDTELVETRPAGDRTFQKWAAVVVPSGEEQRYTCHVQHEGLPKPLTLRWE---PSSQSTVPIVGIVAGLAVLAVVV-IGAVVA-AVMCRRKSSGGKGGSYSQAACSDSAQGSDVSLTA------------
HLA-B*27:06,MRVTAPRTLLLLLWGAVALTETWAGSHSMRYFHTSVSRPGRGEPRFITVGYVDDTLFVRFDSDAASPREEPRAPWIEQEGPEYWDRETQICKAKAQTDRESLRTLLRYYNQSEAGSHTLQNMYGCDVGPDGRLLRGYDQYAYDGKDYIALNEDLSSWTAADTAAQITQRKWEAAREAE-QLRAYLEGECVEWLRRYLENGKETLQRADPPKTHVTHHPISDHEATLRCWALGFYPGEITLTWQRDGEDQTQDTELVETRPAGDRTFQKWAAVVVPSGEEQRYTCHVQHEGLPKPLTLRWE---PSSQSTVPIVGIVAGLAVLAVVV-IGAVVA-AVMCRRKSSGGKGGSYSQAACSDSAQGSDVSLTA------------
HLA-B*27:04,MRVTAPRTLLLLLWGAVALTETWAGSHSMRYFHTSVSRPGRGEPRFITVGYVDDTLFVRFDSDAASPREEPRAPWIEQEGPEYWDRETQICKAKAQTDRESLRTLLRYYNQSEAGSHTLQNMYGCDVGPDGRLLRGYHQDAYDGKDYIALNEDLSSWTAADTAAQITQRKWEAAREAE-QLRAYLEGECVEWLRRYLENGKETLQRADPPKTHVTHHPISDHEATLRCWALGFYPGEITLTWQRDGEDQTQDTELVETRPAGDRTFQKWAAVVVPSGEEQRYTCHVQHEGLPKPLTLRWE---PSSQSTVPIVGIVAGLAVLAVVV-IGAVVA-AVMCRRKSSGGKGGSYSQAACSDSAQGSDVSLTA------------
HLA-B*40:02,MRVTAPRTLLLLLWGAVALTETWAGSHSMRYFHTSVSRPGRGEPRFITVGYVDDTLFVRFDSDATSPRKEPRAPWIEQEGPEYWDRETQISKTNTQTYRESLRNLRGYYNQSEAGSHTLQSMYGCDVGPDGRLLRGHNQYAYDGKDYIALNEDLRSWTAADTAAQITQRKWEAARVAE-QLRAYLEGECVEWLRRYLENGKETLQRADPPKTHVTHHPISDHEATLRCWALGFYPAEITLTWQRDGEDQTQDTELVETRPAGDRTFQKWAAVVVPSGEEQRYTCHVQHEGLPKPLTLRWE---PSSQSTVPIVGIVAGLAVLAVVV-IGAVVA-AVMCRRKSSGGKGGSYSQAACSDSAQGSDVSLTA------------
HLA-B*40:13,MRVTAPRTLLLLLWGAVALTETWAGSHSMRYFHTSVSRPGRGEPRFITVGYVDDTLFVRFDSDATSPRKEPRAPWIEQEGPEYWDRETQIFKTNTQTYRENLRIALRYYNQSEAGSHTLQSMYGCDVGPDGRLLRGHNQYAYDGKDYIALNEDLRSWTAADTAAQITQRKWEAARVAE-QLRAYLEGECVEWLRRYLENGKETLQRADPPKTHVTHHPISDHEATLRCWALGFYPAEITLTWQRDGEDQTQDTELVETRPAGDRTFQKWAAVVVPSGEEQRYTCHVQHEGLPKPLTLRWE---PSSQSTVPIVGIVAGLAVLAVVV-IGAVVA-AVMCRRKSSGGKGGSYSQAACSDSAQGSDVSLTA------------
HLA-B*83:01,MRVTAPRTLLLLLWGAVALTETWAGSHSMRYFYTAMSRPGRGEPRFISVGYVDDTQFVRFDSDAASPREEPRAPWIEQEGPEYWDRNTQIYKAQAQTDRESLRNLRGYYNQSEAGSHIIQRMYGCDVGPDGRLLRGYDQDAYDGKDYIALNEDLSSWTAADTAAQITQRKWEAARVAE-QDRAYLEGLCVESLRRYLENGKETLQRADPPKTHVTHHPISDHEVTLRCWALGFYPAEITLTWQRDGEDQTQDTELVETRPAGDRTFQKWAAVVVPSGEEQRYTCHVQHEGLPKPLTLRWE---PSSQSTVPIVGIVAGLAVLAVVV-IGAVVA-AVMCRRKSSGGKGGSYSQAACSDSAQGSDVSLTA------------
HLA-B*13:02,MRVTAPRTLLLLLWGAVALTETWAGSHSMRYFYTAMSRPGRGEPRFITVGYVDDTQFVRFDSDATSPRMAPRAPWIEQEGPEYWDRETQISKTNTQTYRENLRTALRYYNQSEAGSHTWQTMYGCDLGPDGRLLRGHNQLAYDGKDYIALNEDLSSWTAADTAAQITQLKWEAARVAE-QLRAYLEGECVEWLRRYLENGKETLQRADPPKTHVTHHPISDHEATLRCWALGFYPAEITLTWQRDGEDQTQDTELVETRPAGDRTFQKWAAVVVPSGEEQRYTCHVQHEGLPKPLTLRWE---PSSQSTVPIVGIVAGLAVLAVVV-IGAVVA-AVMCRRKSSGGKGGSYSQAACSDSAQGSDVSLTA------------
HLA-B*44:05,MRVTAPRTLLLLLWGAVALTETWAGSHSMRYFYTAMSRPGRGEPRFITVGYVDDTLFVRFDSDATSPRKEPRAPWIEQEGPEYWDRETQISKTNTQTYRENLRTALRYYNQSEAGSHIIQRMYGCDVGPDGRLLRGYDQYAYDGKDYIALNEDLSSWTAADTAAQITQRKWEAARVAE-QDRAYLEGLCVESLRRYLENGKETLQRADPPKTHVTHHPISDHEVTLRCWALGFYPAEITLTWQRDGEDQTQDTELVETRPAGDRTFQKWAAVVVPSGEEQRYTCHVQHEGLPKPLTLRWE---PSSQSTVPIVGIVAGLAVLAVVV-IGAVVA-AVMCRRKSSGGKGGSYSQAACSDSAQGSDVSLTA------------
HLA-B*44:02,MRVTAPRTLLLLLWGAVALTETWAGSHSMRYFYTAMSRPGRGEPRFITVGYVDDTLFVRFDSDATSPRKEPRAPWIEQEGPEYWDRETQISKTNTQTYRENLRTALRYYNQSEAGSHIIQRMYGCDVGPDGRLLRGYDQDAYDGKDYIALNEDLSSWTAADTAAQITQRKWEAARVAE-QDRAYLEGLCVESLRRYLENGKETLQRADPPKTHVTHHPISDHEVTLRCWALGFYPAEITLTWQRDGEDQTQDTELVETRPAGDRTFQKWAAVVVPSGEEQRYTCHVQHEGLPKPLTLRWE---PSSQSTVPIVGIVAGLAVLAVVV-IGAVVA-AVMCRRKSSGGKGGSYSQAACSDSAQGSDVSLTA------------
HLA-B*44:03,MRVTAPRTLLLLLWGAVALTETWAGSHSMRYFYTAMSRPGRGEPRFITVGYVDDTLFVRFDSDATSPRKEPRAPWIEQEGPEYWDRETQISKTNTQTYRENLRTALRYYNQSEAGSHIIQRMYGCDVGPDGRLLRGYDQDAYDGKDYIALNEDLSSWTAADTAAQITQRKWEAARVAE-QLRAYLEGLCVESLRRYLENGKETLQRADPPKTHVTHHPISDHEVTLRCWALGFYPAEITLTWQRDGEDQTQDTELVETRPAGDRTFQKWAAVVVPSGEEQRYTCHVQHEGLPKPLTLRWE---PSSQSTVPIVGIVAGLAVLAVVV-IGAVVA-AVMCRRKSSGGKGGSYSQAACSDSAQGSDVSLTA------------
